,year_ganzi,日柱,count,num_marriage_of_this_yera,日柱_percentage
1029,辛巳,丙戌,33,1450,2.276
1042,辛巳,壬申,33,1450,2.276
1063,辛巳,甲子,33,1450,2.276
1059,辛巳,戊戌,32,1450,2.207
1050,辛巳,庚午,31,1450,2.138
1068,辛巳,癸丑,31,1450,2.138
1073,辛巳,癸酉,31,1450,2.138
1047,辛巳,己巳,30,1450,2.069
1026,辛巳,丙午,29,1450,2.0
1062,辛巳,甲午,29,1450,2.0
1067,辛巳,甲辰,29,1450,2.0
1038,辛巳,壬午,28,1450,1.931
1064,辛巳,甲寅,28,1450,1.931
1039,辛巳,壬子,27,1450,1.862
1074,辛巳,辛丑,27,1450,1.862
1032,辛巳,乙丑,26,1450,1.793
1036,辛巳,乙未,26,1450,1.793
1065,辛巳,甲戌,26,1450,1.793
1075,辛巳,辛亥,26,1450,1.793
1079,辛巳,辛酉,26,1450,1.793
1040,辛巳,壬寅,25,1450,1.724
1046,辛巳,己卯,25,1450,1.724
1049,辛巳,己酉,25,1450,1.724
1057,辛巳,戊子,25,1450,1.724
1066,辛巳,甲申,25,1450,1.724
1069,辛巳,癸亥,25,1450,1.724
1070,辛巳,癸卯,25,1450,1.724
1078,辛巳,辛未,25,1450,1.724
1053,辛巳,庚戌,24,1450,1.655
1054,辛巳,庚申,24,1450,1.655
1056,辛巳,戊午,24,1450,1.655
1058,辛巳,戊寅,24,1450,1.655
1072,辛巳,癸未,24,1450,1.655
1023,辛巳,丁巳,23,1450,1.586
1025,辛巳,丁酉,23,1450,1.586
1041,辛巳,壬戌,23,1450,1.586
1044,辛巳,己丑,23,1450,1.586
1045,辛巳,己亥,23,1450,1.586
1061,辛巳,戊辰,23,1450,1.586
1076,辛巳,辛卯,23,1450,1.586
1021,辛巳,丁亥,22,1450,1.517
1027,辛巳,丙子,22,1450,1.517
1031,辛巳,丙辰,22,1450,1.517
1060,辛巳,戊申,22,1450,1.517
1071,辛巳,癸巳,22,1450,1.517
1020,辛巳,丁丑,21,1450,1.448
1028,辛巳,丙寅,21,1450,1.448
1035,辛巳,乙巳,21,1450,1.448
1048,辛巳,己未,21,1450,1.448
1051,辛巳,庚子,21,1450,1.448
1077,辛巳,辛巳,21,1450,1.448
1024,辛巳,丁未,20,1450,1.379
1033,辛巳,乙亥,20,1450,1.379
1034,辛巳,乙卯,20,1450,1.379
1037,辛巳,乙酉,19,1450,1.31
1052,辛巳,庚寅,18,1450,1.241
1043,辛巳,壬辰,15,1450,1.034
1055,辛巳,庚辰,15,1450,1.034
1030,辛巳,丙申,13,1450,0.897
1022,辛巳,丁卯,12,1450,0.828
977,辛卯,乙酉,79,3511,2.25
991,辛卯,庚子,74,3511,2.108
980,辛卯,壬寅,73,3511,2.079
987,辛卯,己巳,71,3511,2.022
963,辛卯,丁巳,69,3511,1.965
981,辛卯,壬戌,69,3511,1.965
989,辛卯,己酉,69,3511,1.965
965,辛卯,丁酉,68,3511,1.937
992,辛卯,庚寅,68,3511,1.937
984,辛卯,己丑,66,3511,1.88
997,辛卯,戊子,66,3511,1.88
982,辛卯,壬申,64,3511,1.823
1017,辛卯,辛巳,64,3511,1.823
995,辛卯,庚辰,63,3511,1.794
996,辛卯,戊午,63,3511,1.794
1009,辛卯,癸亥,63,3511,1.794
990,辛卯,庚午,62,3511,1.766
994,辛卯,庚申,62,3511,1.766
1013,辛卯,癸酉,62,3511,1.766
966,辛卯,丙午,61,3511,1.737
970,辛卯,丙申,61,3511,1.737
972,辛卯,乙丑,61,3511,1.737
1010,辛卯,癸卯,61,3511,1.737
1015,辛卯,辛亥,61,3511,1.737
975,辛卯,乙巳,60,3511,1.709
976,辛卯,乙未,60,3511,1.709
988,辛卯,己未,60,3511,1.709
998,辛卯,戊寅,60,3511,1.709
967,辛卯,丙子,59,3511,1.68
983,辛卯,壬辰,59,3511,1.68
1001,辛卯,戊辰,59,3511,1.68
964,辛卯,丁未,58,3511,1.652
974,辛卯,乙卯,58,3511,1.652
985,辛卯,己亥,58,3511,1.652
1002,辛卯,甲午,58,3511,1.652
961,辛卯,丁亥,57,3511,1.623
968,辛卯,丙寅,56,3511,1.595
969,辛卯,丙戌,56,3511,1.595
993,辛卯,庚戌,56,3511,1.595
1003,辛卯,甲子,56,3511,1.595
1004,辛卯,甲寅,56,3511,1.595
1005,辛卯,甲戌,55,3511,1.567
1007,辛卯,甲辰,55,3511,1.567
979,辛卯,壬子,54,3511,1.538
1008,辛卯,癸丑,54,3511,1.538
973,辛卯,乙亥,53,3511,1.51
1006,辛卯,甲申,53,3511,1.51
999,辛卯,戊戌,52,3511,1.481
971,辛卯,丙辰,51,3511,1.453
1018,辛卯,辛未,51,3511,1.453
1019,辛卯,辛酉,51,3511,1.453
1000,辛卯,戊申,50,3511,1.424
960,辛卯,丁丑,49,3511,1.396
962,辛卯,丁卯,48,3511,1.367
986,辛卯,己卯,48,3511,1.367
1016,辛卯,辛卯,47,3511,1.339
1012,辛卯,癸未,45,3511,1.282
978,辛卯,壬午,44,3511,1.253
1011,辛卯,癸巳,44,3511,1.253
1014,辛卯,辛丑,41,3511,1.168
953,癸未,癸酉,70,3041,2.302
958,癸未,辛未,65,3041,2.137
906,癸未,丙午,61,3041,2.006
954,癸未,辛丑,59,3041,1.94
957,癸未,辛巳,59,3041,1.94
922,癸未,壬申,58,3041,1.907
949,癸未,癸亥,58,3041,1.907
948,癸未,癸丑,57,3041,1.874
912,癸未,乙丑,56,3041,1.841
921,癸未,壬戌,56,3041,1.841
927,癸未,己巳,56,3041,1.841
939,癸未,戊戌,56,3041,1.841
941,癸未,戊辰,56,3041,1.841
955,癸未,辛亥,56,3041,1.841
909,癸未,丙戌,55,3041,1.809
916,癸未,乙未,55,3041,1.809
924,癸未,己丑,54,3041,1.776
942,癸未,甲午,54,3041,1.776
943,癸未,甲子,54,3041,1.776
945,癸未,甲戌,54,3041,1.776
950,癸未,癸卯,54,3041,1.776
900,癸未,丁丑,53,3041,1.743
918,癸未,壬午,53,3041,1.743
926,癸未,己卯,53,3041,1.743
930,癸未,庚午,53,3041,1.743
946,癸未,甲申,53,3041,1.743
917,癸未,乙酉,52,3041,1.71
938,癸未,戊寅,52,3041,1.71
956,癸未,辛卯,52,3041,1.71
911,癸未,丙辰,51,3041,1.677
951,癸未,癸巳,51,3041,1.677
901,癸未,丁亥,50,3041,1.644
905,癸未,丁酉,50,3041,1.644
934,癸未,庚申,50,3041,1.644
903,癸未,丁巳,49,3041,1.611
933,癸未,庚戌,49,3041,1.611
937,癸未,戊子,49,3041,1.611
944,癸未,甲寅,49,3041,1.611
908,癸未,丙寅,48,3041,1.578
919,癸未,壬子,48,3041,1.578
936,癸未,戊午,48,3041,1.578
947,癸未,甲辰,48,3041,1.578
959,癸未,辛酉,48,3041,1.578
931,癸未,庚子,47,3041,1.546
932,癸未,庚寅,47,3041,1.546
904,癸未,丁未,46,3041,1.513
907,癸未,丙子,46,3041,1.513
929,癸未,己酉,46,3041,1.513
952,癸未,癸未,46,3041,1.513
913,癸未,乙亥,45,3041,1.48
915,癸未,乙巳,45,3041,1.48
928,癸未,己未,45,3041,1.48
940,癸未,戊申,45,3041,1.48
920,癸未,壬寅,43,3041,1.414
925,癸未,己亥,42,3041,1.381
902,癸未,丁卯,40,3041,1.315
914,癸未,乙卯,40,3041,1.315
923,癸未,壬辰,40,3041,1.315
935,癸未,庚辰,37,3041,1.217
910,癸未,丙申,29,3041,0.954
877,癸巳,戊子,79,3775,2.093
857,癸巳,乙酉,78,3775,2.066
868,癸巳,己未,76,3775,2.013
862,癸巳,壬申,74,3775,1.96
875,癸巳,庚辰,73,3775,1.934
849,癸巳,丙戌,72,3775,1.907
850,癸巳,丙申,71,3775,1.881
871,癸巳,庚子,70,3775,1.854
845,癸巳,丁酉,69,3775,1.828
869,癸巳,己酉,69,3775,1.828
844,癸巳,丁未,68,3775,1.801
847,癸巳,丙子,68,3775,1.801
885,癸巳,甲戌,68,3775,1.801
848,癸巳,丙寅,67,3775,1.775
861,癸巳,壬戌,67,3775,1.775
872,癸巳,庚寅,67,3775,1.775
879,癸巳,戊戌,67,3775,1.775
882,癸巳,甲午,67,3775,1.775
867,癸巳,己巳,66,3775,1.748
892,癸巳,癸未,66,3775,1.748
894,癸巳,辛丑,66,3775,1.748
897,癸巳,辛巳,66,3775,1.748
840,癸巳,丁丑,65,3775,1.722
843,癸巳,丁巳,65,3775,1.722
860,癸巳,壬寅,65,3775,1.722
886,癸巳,甲申,65,3775,1.722
888,癸巳,癸丑,65,3775,1.722
846,癸巳,丙午,64,3775,1.695
851,癸巳,丙辰,64,3775,1.695
858,癸巳,壬午,64,3775,1.695
854,癸巳,乙卯,63,3775,1.669
853,癸巳,乙亥,62,3775,1.642
864,癸巳,己丑,62,3775,1.642
874,癸巳,庚申,62,3775,1.642
887,癸巳,甲辰,62,3775,1.642
896,癸巳,辛卯,62,3775,1.642
865,癸巳,己亥,61,3775,1.616
873,癸巳,庚戌,60,3775,1.589
889,癸巳,癸亥,60,3775,1.589
852,癸巳,乙丑,59,3775,1.563
863,癸巳,壬辰,58,3775,1.536
866,癸巳,己卯,58,3775,1.536
881,癸巳,戊辰,58,3775,1.536
855,癸巳,乙巳,57,3775,1.51
856,癸巳,乙未,57,3775,1.51
876,癸巳,戊午,57,3775,1.51
890,癸巳,癸卯,57,3775,1.51
893,癸巳,癸酉,57,3775,1.51
841,癸巳,丁亥,56,3775,1.483
883,癸巳,甲子,56,3775,1.483
895,癸巳,辛亥,56,3775,1.483
899,癸巳,辛酉,56,3775,1.483
870,癸巳,庚午,55,3775,1.457
878,癸巳,戊寅,55,3775,1.457
880,癸巳,戊申,55,3775,1.457
898,癸巳,辛未,55,3775,1.457
842,癸巳,丁卯,54,3775,1.43
859,癸巳,壬子,53,3775,1.404
884,癸巳,甲寅,52,3775,1.377
891,癸巳,癸巳,49,3775,1.298
808,甲申,己未,66,2923,2.258
822,甲申,甲午,63,2923,2.155
818,甲申,戊寅,62,2923,2.121
836,甲申,辛卯,62,2923,2.121
800,甲申,壬寅,59,2923,2.018
804,甲申,己丑,59,2923,2.018
814,甲申,庚申,59,2923,2.018
816,甲申,戊午,59,2923,2.018
839,甲申,辛酉,58,2923,1.984
828,甲申,癸丑,57,2923,1.95
781,甲申,丁亥,56,2923,1.916
797,甲申,乙酉,56,2923,1.916
821,甲申,戊辰,55,2923,1.882
788,甲申,丙寅,54,2923,1.847
809,甲申,己酉,54,2923,1.847
823,甲申,甲子,54,2923,1.847
811,甲申,庚子,53,2923,1.813
826,甲申,甲申,53,2923,1.813
838,甲申,辛未,53,2923,1.813
817,甲申,戊子,52,2923,1.779
787,甲申,丙子,51,2923,1.745
810,甲申,庚午,51,2923,1.745
830,甲申,癸卯,51,2923,1.745
832,甲申,癸未,51,2923,1.745
795,甲申,乙巳,50,2923,1.711
796,甲申,乙未,50,2923,1.711
805,甲申,己亥,50,2923,1.711
815,甲申,庚辰,50,2923,1.711
790,甲申,丙申,49,2923,1.676
806,甲申,己卯,49,2923,1.676
807,甲申,己巳,49,2923,1.676
825,甲申,甲戌,49,2923,1.676
835,甲申,辛亥,49,2923,1.676
827,甲申,甲辰,48,2923,1.642
799,甲申,壬子,47,2923,1.608
819,甲申,戊戌,47,2923,1.608
837,甲申,辛巳,46,2923,1.574
813,甲申,庚戌,45,2923,1.54
824,甲申,甲寅,45,2923,1.54
829,甲申,癸亥,45,2923,1.54
786,甲申,丙午,44,2923,1.505
791,甲申,丙辰,44,2923,1.505
792,甲申,乙丑,44,2923,1.505
789,甲申,丙戌,43,2923,1.471
798,甲申,壬午,43,2923,1.471
801,甲申,壬戌,43,2923,1.471
812,甲申,庚寅,43,2923,1.471
820,甲申,戊申,43,2923,1.471
780,甲申,丁丑,42,2923,1.437
782,甲申,丁卯,42,2923,1.437
793,甲申,乙亥,41,2923,1.403
803,甲申,壬辰,41,2923,1.403
802,甲申,壬申,40,2923,1.368
831,甲申,癸巳,39,2923,1.334
834,甲申,辛丑,39,2923,1.334
783,甲申,丁巳,37,2923,1.266
794,甲申,乙卯,37,2923,1.266
833,甲申,癸酉,37,2923,1.266
784,甲申,丁未,36,2923,1.232
785,甲申,丁酉,29,2923,0.992
732,甲午,乙丑,73,3694,1.976
739,甲午,壬子,73,3694,1.976
744,甲午,己丑,73,3694,1.976
765,甲午,甲戌,73,3694,1.976
776,甲午,辛卯,73,3694,1.976
777,甲午,辛巳,73,3694,1.976
720,甲午,丁丑,72,3694,1.949
748,甲午,己未,71,3694,1.922
766,甲午,甲申,69,3694,1.868
724,甲午,丁未,68,3694,1.841
763,甲午,甲子,68,3694,1.841
768,甲午,癸丑,68,3694,1.841
772,甲午,癸未,67,3694,1.814
774,甲午,辛丑,67,3694,1.814
753,甲午,庚戌,66,3694,1.787
757,甲午,戊子,66,3694,1.787
742,甲午,壬申,65,3694,1.76
755,甲午,庚辰,65,3694,1.76
750,甲午,庚午,64,3694,1.733
752,甲午,庚寅,64,3694,1.733
762,甲午,甲午,64,3694,1.733
767,甲午,甲辰,64,3694,1.733
770,甲午,癸卯,64,3694,1.733
773,甲午,癸酉,64,3694,1.733
730,甲午,丙申,63,3694,1.705
734,甲午,乙卯,63,3694,1.705
736,甲午,乙未,63,3694,1.705
771,甲午,癸巳,63,3694,1.705
779,甲午,辛酉,63,3694,1.705
725,甲午,丁酉,62,3694,1.678
749,甲午,己酉,62,3694,1.678
754,甲午,庚申,62,3694,1.678
721,甲午,丁亥,61,3694,1.651
740,甲午,壬寅,61,3694,1.651
731,甲午,丙辰,60,3694,1.624
745,甲午,己亥,60,3694,1.624
764,甲午,甲寅,60,3694,1.624
775,甲午,辛亥,60,3694,1.624
727,甲午,丙子,59,3694,1.597
729,甲午,丙戌,59,3694,1.597
758,甲午,戊寅,59,3694,1.597
735,甲午,乙巳,58,3694,1.57
756,甲午,戊午,58,3694,1.57
759,甲午,戊戌,58,3694,1.57
722,甲午,丁卯,57,3694,1.543
726,甲午,丙午,57,3694,1.543
728,甲午,丙寅,57,3694,1.543
769,甲午,癸亥,57,3694,1.543
761,甲午,戊辰,55,3694,1.489
778,甲午,辛未,55,3694,1.489
723,甲午,丁巳,54,3694,1.462
746,甲午,己卯,53,3694,1.435
747,甲午,己巳,53,3694,1.435
751,甲午,庚子,53,3694,1.435
738,甲午,壬午,52,3694,1.408
743,甲午,壬辰,50,3694,1.354
737,甲午,乙酉,49,3694,1.326
760,甲午,戊申,49,3694,1.326
741,甲午,壬戌,48,3694,1.299
733,甲午,乙亥,47,3694,1.272
703,戊子,甲子,66,3008,2.194
676,戊子,乙未,64,3008,2.128
691,戊子,庚子,64,3008,2.128
697,戊子,戊子,61,3008,2.028
678,戊子,壬午,60,3008,1.995
677,戊子,乙酉,59,3008,1.961
692,戊子,庚寅,59,3008,1.961
687,戊子,己巳,58,3008,1.928
688,戊子,己未,58,3008,1.928
711,戊子,癸巳,58,3008,1.928
669,戊子,丙戌,57,3008,1.895
696,戊子,戊午,56,3008,1.862
718,戊子,辛未,56,3008,1.862
662,戊子,丁卯,55,3008,1.828
682,戊子,壬申,55,3008,1.828
689,戊子,己酉,55,3008,1.828
690,戊子,庚午,55,3008,1.828
668,戊子,丙寅,54,3008,1.795
671,戊子,丙辰,54,3008,1.795
685,戊子,己亥,54,3008,1.795
708,戊子,癸丑,54,3008,1.795
712,戊子,癸未,54,3008,1.795
700,戊子,戊申,53,3008,1.762
701,戊子,戊辰,53,3008,1.762
666,戊子,丙午,52,3008,1.729
681,戊子,壬戌,52,3008,1.729
710,戊子,癸卯,52,3008,1.729
719,戊子,辛酉,52,3008,1.729
664,戊子,丁未,51,3008,1.695
684,戊子,己丑,51,3008,1.695
717,戊子,辛巳,51,3008,1.695
663,戊子,丁巳,50,3008,1.662
675,戊子,乙巳,50,3008,1.662
705,戊子,甲戌,50,3008,1.662
660,戊子,丁丑,49,3008,1.629
698,戊子,戊寅,49,3008,1.629
702,戊子,甲午,49,3008,1.629
672,戊子,乙丑,48,3008,1.596
661,戊子,丁亥,47,3008,1.562
686,戊子,己卯,47,3008,1.562
707,戊子,甲辰,47,3008,1.562
673,戊子,乙亥,46,3008,1.529
665,戊子,丁酉,45,3008,1.496
680,戊子,壬寅,45,3008,1.496
716,戊子,辛卯,45,3008,1.496
695,戊子,庚辰,44,3008,1.463
706,戊子,甲申,44,3008,1.463
713,戊子,癸酉,44,3008,1.463
674,戊子,乙卯,43,3008,1.43
699,戊子,戊戌,43,3008,1.43
694,戊子,庚申,42,3008,1.396
704,戊子,甲寅,42,3008,1.396
667,戊子,丙子,41,3008,1.363
670,戊子,丙申,41,3008,1.363
693,戊子,庚戌,41,3008,1.363
683,戊子,壬辰,39,3008,1.297
715,戊子,辛亥,38,3008,1.263
679,戊子,壬子,37,3008,1.23
714,戊子,辛丑,36,3008,1.197
709,戊子,癸亥,33,3008,1.097
652,庚辰,癸未,33,1270,2.598
658,庚辰,辛未,33,1270,2.598
638,庚辰,戊寅,31,1270,2.441
602,庚辰,丁卯,30,1270,2.362
633,庚辰,庚戌,29,1270,2.283
614,庚辰,乙卯,27,1270,2.126
646,庚辰,甲申,27,1270,2.126
649,庚辰,癸亥,27,1270,2.126
651,庚辰,癸巳,27,1270,2.126
631,庚辰,庚子,26,1270,2.047
635,庚辰,庚辰,26,1270,2.047
656,庚辰,辛卯,26,1270,2.047
617,庚辰,乙酉,25,1270,1.969
616,庚辰,乙未,24,1270,1.89
623,庚辰,壬辰,24,1270,1.89
626,庚辰,己卯,24,1270,1.89
645,庚辰,甲戌,24,1270,1.89
657,庚辰,辛巳,24,1270,1.89
605,庚辰,丁酉,23,1270,1.811
606,庚辰,丙午,23,1270,1.811
650,庚辰,癸卯,23,1270,1.811
610,庚辰,丙申,22,1270,1.732
632,庚辰,庚寅,22,1270,1.732
647,庚辰,甲辰,22,1270,1.732
659,庚辰,辛酉,22,1270,1.732
608,庚辰,丙寅,21,1270,1.654
625,庚辰,己亥,21,1270,1.654
639,庚辰,戊戌,21,1270,1.654
640,庚辰,戊申,21,1270,1.654
641,庚辰,戊辰,21,1270,1.654
643,庚辰,甲子,21,1270,1.654
607,庚辰,丙子,19,1270,1.496
618,庚辰,壬午,19,1270,1.496
619,庚辰,壬子,19,1270,1.496
629,庚辰,己酉,19,1270,1.496
636,庚辰,戊午,19,1270,1.496
644,庚辰,甲寅,19,1270,1.496
655,庚辰,辛亥,19,1270,1.496
601,庚辰,丁亥,18,1270,1.417
604,庚辰,丁未,18,1270,1.417
609,庚辰,丙戌,18,1270,1.417
611,庚辰,丙辰,18,1270,1.417
613,庚辰,乙亥,18,1270,1.417
624,庚辰,己丑,18,1270,1.417
630,庚辰,庚午,18,1270,1.417
653,庚辰,癸酉,18,1270,1.417
654,庚辰,辛丑,18,1270,1.417
603,庚辰,丁巳,17,1270,1.339
612,庚辰,乙丑,17,1270,1.339
621,庚辰,壬戌,17,1270,1.339
637,庚辰,戊子,17,1270,1.339
642,庚辰,甲午,17,1270,1.339
600,庚辰,丁丑,16,1270,1.26
622,庚辰,壬申,16,1270,1.26
628,庚辰,己未,16,1270,1.26
648,庚辰,癸丑,16,1270,1.26
634,庚辰,庚申,15,1270,1.181
615,庚辰,乙巳,14,1270,1.102
620,庚辰,壬寅,14,1270,1.102
627,庚辰,己巳,13,1270,1.024
583,庚寅,甲子,76,3261,2.331
571,庚寅,庚子,75,3261,2.3
598,庚寅,辛未,74,3261,2.269
558,庚寅,壬午,72,3261,2.208
570,庚寅,庚午,64,3261,1.963
581,庚寅,戊辰,64,3261,1.963
546,庚寅,丙午,63,3261,1.932
548,庚寅,丙寅,63,3261,1.932
587,庚寅,甲辰,63,3261,1.932
592,庚寅,癸未,63,3261,1.932
576,庚寅,戊午,62,3261,1.901
557,庚寅,乙酉,61,3261,1.871
577,庚寅,戊子,61,3261,1.871
561,庚寅,壬戌,60,3261,1.84
567,庚寅,己巳,60,3261,1.84
580,庚寅,戊申,60,3261,1.84
544,庚寅,丁未,59,3261,1.809
564,庚寅,己丑,59,3261,1.809
541,庚寅,丁亥,58,3261,1.779
572,庚寅,庚寅,58,3261,1.779
547,庚寅,丙子,57,3261,1.748
568,庚寅,己未,57,3261,1.748
590,庚寅,癸卯,57,3261,1.748
549,庚寅,丙戌,56,3261,1.717
551,庚寅,丙辰,56,3261,1.717
584,庚寅,甲寅,56,3261,1.717
585,庚寅,甲戌,56,3261,1.717
599,庚寅,辛酉,56,3261,1.717
578,庚寅,戊寅,55,3261,1.687
552,庚寅,乙丑,54,3261,1.656
560,庚寅,壬寅,54,3261,1.656
575,庚寅,庚辰,54,3261,1.656
588,庚寅,癸丑,54,3261,1.656
566,庚寅,己卯,52,3261,1.595
586,庚寅,甲申,52,3261,1.595
591,庚寅,癸巳,52,3261,1.595
543,庚寅,丁巳,51,3261,1.564
555,庚寅,乙巳,51,3261,1.564
562,庚寅,壬申,51,3261,1.564
573,庚寅,庚戌,50,3261,1.533
542,庚寅,丁卯,49,3261,1.503
556,庚寅,乙未,49,3261,1.503
595,庚寅,辛亥,49,3261,1.503
593,庚寅,癸酉,48,3261,1.472
597,庚寅,辛巳,48,3261,1.472
540,庚寅,丁丑,47,3261,1.441
553,庚寅,乙亥,47,3261,1.441
554,庚寅,乙卯,47,3261,1.441
565,庚寅,己亥,47,3261,1.441
569,庚寅,己酉,47,3261,1.441
579,庚寅,戊戌,47,3261,1.441
589,庚寅,癸亥,47,3261,1.441
559,庚寅,壬子,46,3261,1.411
545,庚寅,丁酉,44,3261,1.349
574,庚寅,庚申,44,3261,1.349
550,庚寅,丙申,43,3261,1.319
563,庚寅,壬辰,42,3261,1.288
582,庚寅,甲午,41,3261,1.257
596,庚寅,辛卯,37,3261,1.135
594,庚寅,辛丑,36,3261,1.104
523,己丑,甲子,65,3057,2.126
497,己丑,乙酉,63,3057,2.061
511,己丑,庚子,63,3057,2.061
510,己丑,庚午,62,3057,2.028
495,己丑,乙巳,61,3057,1.995
500,己丑,壬寅,61,3057,1.995
503,己丑,壬辰,60,3057,1.963
518,己丑,戊寅,60,3057,1.963
537,己丑,辛巳,60,3057,1.963
499,己丑,壬子,59,3057,1.93
501,己丑,壬戌,59,3057,1.93
533,己丑,癸酉,59,3057,1.93
487,己丑,丙子,58,3057,1.897
515,己丑,庚辰,58,3057,1.897
516,己丑,戊午,57,3057,1.865
529,己丑,癸亥,57,3057,1.865
507,己丑,己巳,56,3057,1.832
512,己丑,庚寅,56,3057,1.832
494,己丑,乙卯,55,3057,1.799
509,己丑,己酉,55,3057,1.799
481,己丑,丁亥,54,3057,1.766
514,己丑,庚申,54,3057,1.766
528,己丑,癸丑,54,3057,1.766
513,己丑,庚戌,53,3057,1.734
496,己丑,乙未,52,3057,1.701
504,己丑,己丑,52,3057,1.701
517,己丑,戊子,52,3057,1.701
530,己丑,癸卯,52,3057,1.701
493,己丑,乙亥,51,3057,1.668
502,己丑,壬申,51,3057,1.668
527,己丑,甲辰,51,3057,1.668
483,己丑,丁巳,50,3057,1.636
484,己丑,丁未,50,3057,1.636
485,己丑,丁酉,50,3057,1.636
492,己丑,乙丑,50,3057,1.636
526,己丑,甲申,50,3057,1.636
535,己丑,辛亥,50,3057,1.636
488,己丑,丙寅,49,3057,1.603
505,己丑,己亥,49,3057,1.603
521,己丑,戊辰,49,3057,1.603
520,己丑,戊申,48,3057,1.57
482,己丑,丁卯,47,3057,1.537
498,己丑,壬午,47,3057,1.537
519,己丑,戊戌,47,3057,1.537
486,己丑,丙午,46,3057,1.505
524,己丑,甲寅,46,3057,1.505
506,己丑,己卯,45,3057,1.472
536,己丑,辛卯,45,3057,1.472
539,己丑,辛酉,45,3057,1.472
489,己丑,丙戌,44,3057,1.439
490,己丑,丙申,43,3057,1.407
532,己丑,癸未,43,3057,1.407
480,己丑,丁丑,42,3057,1.374
491,己丑,丙辰,42,3057,1.374
522,己丑,甲午,40,3057,1.308
534,己丑,辛丑,39,3057,1.276
508,己丑,己未,38,3057,1.243
538,己丑,辛未,37,3057,1.21
531,己丑,癸巳,35,3057,1.145
525,己丑,甲戌,31,3057,1.014
467,壬辰,甲辰,72,3487,2.065
427,壬辰,丙子,71,3487,2.036
461,壬辰,戊辰,71,3487,2.036
463,壬辰,甲子,70,3487,2.007
428,壬辰,丙寅,69,3487,1.979
458,壬辰,戊寅,68,3487,1.95
457,壬辰,戊子,67,3487,1.921
472,壬辰,癸未,67,3487,1.921
421,壬辰,丁亥,66,3487,1.893
465,壬辰,甲戌,66,3487,1.893
444,壬辰,己丑,65,3487,1.864
470,壬辰,癸卯,65,3487,1.864
424,壬辰,丁未,64,3487,1.835
451,壬辰,庚子,64,3487,1.835
478,壬辰,辛未,64,3487,1.835
420,壬辰,丁丑,63,3487,1.807
440,壬辰,壬寅,63,3487,1.807
477,壬辰,辛巳,63,3487,1.807
439,壬辰,壬子,62,3487,1.778
471,壬辰,癸巳,62,3487,1.778
438,壬辰,壬午,61,3487,1.749
450,壬辰,庚午,61,3487,1.749
425,壬辰,丁酉,60,3487,1.721
448,壬辰,己未,60,3487,1.721
464,壬辰,甲寅,60,3487,1.721
468,壬辰,癸丑,60,3487,1.721
453,壬辰,庚戌,59,3487,1.692
466,壬辰,甲申,59,3487,1.692
429,壬辰,丙戌,58,3487,1.663
432,壬辰,乙丑,58,3487,1.663
437,壬辰,乙酉,58,3487,1.663
455,壬辰,庚辰,58,3487,1.663
426,壬辰,丙午,57,3487,1.635
446,壬辰,己卯,57,3487,1.635
473,壬辰,癸酉,57,3487,1.635
475,壬辰,辛亥,57,3487,1.635
435,壬辰,乙巳,56,3487,1.606
442,壬辰,壬申,56,3487,1.606
456,壬辰,戊午,56,3487,1.606
434,壬辰,乙卯,55,3487,1.577
441,壬辰,壬戌,55,3487,1.577
460,壬辰,戊申,55,3487,1.577
469,壬辰,癸亥,54,3487,1.549
422,壬辰,丁卯,53,3487,1.52
431,壬辰,丙辰,53,3487,1.52
447,壬辰,己巳,52,3487,1.491
452,壬辰,庚寅,52,3487,1.491
454,壬辰,庚申,52,3487,1.491
423,壬辰,丁巳,51,3487,1.463
433,壬辰,乙亥,51,3487,1.463
445,壬辰,己亥,51,3487,1.463
474,壬辰,辛丑,51,3487,1.463
459,壬辰,戊戌,50,3487,1.434
476,壬辰,辛卯,49,3487,1.405
436,壬辰,乙未,48,3487,1.377
443,壬辰,壬辰,47,3487,1.348
449,壬辰,己酉,47,3487,1.348
430,壬辰,丙申,46,3487,1.319
479,壬辰,辛酉,45,3487,1.291
462,壬辰,甲午,40,3487,1.147
416,壬午,辛卯,68,2656,2.56
418,壬午,辛未,65,2656,2.447
398,壬午,戊寅,61,2656,2.297
412,壬午,癸未,59,2656,2.221
391,壬午,庚子,55,2656,2.071
406,壬午,甲申,55,2656,2.071
377,壬午,乙酉,52,2656,1.958
393,壬午,庚戌,52,2656,1.958
409,壬午,癸亥,52,2656,1.958
401,壬午,戊辰,50,2656,1.883
403,壬午,甲子,50,2656,1.883
366,壬午,丙午,49,2656,1.845
370,壬午,丙申,49,2656,1.845
362,壬午,丁卯,48,2656,1.807
386,壬午,己卯,48,2656,1.807
388,壬午,己未,48,2656,1.807
395,壬午,庚辰,48,2656,1.807
402,壬午,甲午,48,2656,1.807
384,壬午,己丑,47,2656,1.77
419,壬午,辛酉,47,2656,1.77
380,壬午,壬寅,46,2656,1.732
385,壬午,己亥,46,2656,1.732
361,壬午,丁亥,45,2656,1.694
378,壬午,壬午,45,2656,1.694
392,壬午,庚寅,45,2656,1.694
396,壬午,戊午,45,2656,1.694
390,壬午,庚午,44,2656,1.657
394,壬午,庚申,44,2656,1.657
417,壬午,辛巳,44,2656,1.657
405,壬午,甲戌,43,2656,1.619
368,壬午,丙寅,42,2656,1.581
376,壬午,乙未,42,2656,1.581
389,壬午,己酉,42,2656,1.581
408,壬午,癸丑,42,2656,1.581
415,壬午,辛亥,42,2656,1.581
365,壬午,丁酉,41,2656,1.544
374,壬午,乙卯,41,2656,1.544
399,壬午,戊戌,41,2656,1.544
407,壬午,甲辰,41,2656,1.544
411,壬午,癸巳,41,2656,1.544
383,壬午,壬辰,40,2656,1.506
404,壬午,甲寅,40,2656,1.506
371,壬午,丙辰,39,2656,1.468
372,壬午,乙丑,39,2656,1.468
387,壬午,己巳,39,2656,1.468
397,壬午,戊子,39,2656,1.468
400,壬午,戊申,39,2656,1.468
410,壬午,癸卯,39,2656,1.468
360,壬午,丁丑,38,2656,1.431
373,壬午,乙亥,38,2656,1.431
379,壬午,壬子,38,2656,1.431
381,壬午,壬戌,38,2656,1.431
363,壬午,丁巳,36,2656,1.355
367,壬午,丙子,36,2656,1.355
375,壬午,乙巳,36,2656,1.355
369,壬午,丙戌,35,2656,1.318
382,壬午,壬申,35,2656,1.318
414,壬午,辛丑,35,2656,1.318
364,壬午,丁未,32,2656,1.205
413,壬午,癸酉,32,2656,1.205
317,乙酉,乙酉,74,3133,2.362
341,乙酉,戊辰,72,3133,2.298
316,乙酉,乙未,69,3133,2.202
358,乙酉,辛未,67,3133,2.139
306,乙酉,丙午,66,3133,2.107
353,乙酉,癸酉,66,3133,2.107
357,乙酉,辛巳,63,3133,2.011
301,乙酉,丁亥,59,3133,1.883
321,乙酉,壬戌,59,3133,1.883
302,乙酉,丁卯,58,3133,1.851
345,乙酉,甲戌,58,3133,1.851
349,乙酉,癸亥,58,3133,1.851
311,乙酉,丙辰,57,3133,1.819
338,乙酉,戊寅,57,3133,1.819
346,乙酉,甲申,57,3133,1.819
313,乙酉,乙亥,56,3133,1.787
324,乙酉,己丑,56,3133,1.787
334,乙酉,庚申,56,3133,1.787
340,乙酉,戊申,56,3133,1.787
300,乙酉,丁丑,55,3133,1.756
350,乙酉,癸卯,55,3133,1.756
331,乙酉,庚子,54,3133,1.724
332,乙酉,庚寅,54,3133,1.724
333,乙酉,庚戌,54,3133,1.724
336,乙酉,戊午,54,3133,1.724
304,乙酉,丁未,53,3133,1.692
315,乙酉,乙巳,53,3133,1.692
319,乙酉,壬子,53,3133,1.692
323,乙酉,壬辰,53,3133,1.692
351,乙酉,癸巳,53,3133,1.692
335,乙酉,庚辰,52,3133,1.66
354,乙酉,辛丑,52,3133,1.66
303,乙酉,丁巳,51,3133,1.628
312,乙酉,乙丑,51,3133,1.628
355,乙酉,辛亥,51,3133,1.628
326,乙酉,己卯,50,3133,1.596
327,乙酉,己巳,50,3133,1.596
339,乙酉,戊戌,50,3133,1.596
337,乙酉,戊子,49,3133,1.564
359,乙酉,辛酉,49,3133,1.564
322,乙酉,壬申,48,3133,1.532
344,乙酉,甲寅,48,3133,1.532
307,乙酉,丙子,47,3133,1.5
356,乙酉,辛卯,47,3133,1.5
308,乙酉,丙寅,46,3133,1.468
309,乙酉,丙戌,46,3133,1.468
329,乙酉,己酉,46,3133,1.468
328,乙酉,己未,45,3133,1.436
342,乙酉,甲午,45,3133,1.436
348,乙酉,癸丑,45,3133,1.436
352,乙酉,癸未,44,3133,1.404
325,乙酉,己亥,43,3133,1.372
343,乙酉,甲子,43,3133,1.372
347,乙酉,甲辰,43,3133,1.372
320,乙酉,壬寅,42,3133,1.341
314,乙酉,乙卯,41,3133,1.309
310,乙酉,丙申,40,3133,1.277
305,乙酉,丁酉,39,3133,1.245
318,乙酉,壬午,38,3133,1.213
330,乙酉,庚午,37,3133,1.181
268,乙未,己未,54,2501,2.159
292,乙未,癸未,54,2501,2.159
249,乙未,丙戌,53,2501,2.119
266,乙未,己卯,53,2501,2.119
279,乙未,戊戌,51,2501,2.039
294,乙未,辛丑,51,2501,2.039
258,乙未,壬午,50,2501,1.999
247,乙未,丙子,49,2501,1.959
261,乙未,壬戌,49,2501,1.959
288,乙未,癸丑,49,2501,1.959
248,乙未,丙寅,48,2501,1.919
277,乙未,戊子,48,2501,1.919
244,乙未,丁未,46,2501,1.839
287,乙未,甲辰,46,2501,1.839
240,乙未,丁丑,45,2501,1.799
245,乙未,丁酉,45,2501,1.799
250,乙未,丙申,45,2501,1.799
254,乙未,乙卯,45,2501,1.799
282,乙未,甲午,45,2501,1.799
286,乙未,甲申,45,2501,1.799
275,乙未,庚辰,44,2501,1.759
283,乙未,甲子,44,2501,1.759
246,乙未,丙午,43,2501,1.719
257,乙未,乙酉,43,2501,1.719
274,乙未,庚申,43,2501,1.719
296,乙未,辛卯,43,2501,1.719
253,乙未,乙亥,42,2501,1.679
255,乙未,乙巳,42,2501,1.679
262,乙未,壬申,42,2501,1.679
267,乙未,己巳,42,2501,1.679
278,乙未,戊寅,42,2501,1.679
285,乙未,甲戌,42,2501,1.679
297,乙未,辛巳,42,2501,1.679
260,乙未,壬寅,41,2501,1.639
251,乙未,丙辰,40,2501,1.599
259,乙未,壬子,40,2501,1.599
270,乙未,庚午,40,2501,1.599
271,乙未,庚子,40,2501,1.599
273,乙未,庚戌,40,2501,1.599
289,乙未,癸亥,40,2501,1.599
256,乙未,乙未,39,2501,1.559
264,乙未,己丑,39,2501,1.559
272,乙未,庚寅,39,2501,1.559
263,乙未,壬辰,38,2501,1.519
298,乙未,辛未,37,2501,1.479
242,乙未,丁卯,36,2501,1.439
269,乙未,己酉,36,2501,1.439
280,乙未,戊申,36,2501,1.439
291,乙未,癸巳,36,2501,1.439
299,乙未,辛酉,36,2501,1.439
265,乙未,己亥,35,2501,1.399
284,乙未,甲寅,35,2501,1.399
243,乙未,丁巳,34,2501,1.359
295,乙未,辛亥,34,2501,1.359
293,乙未,癸酉,33,2501,1.319
241,乙未,丁亥,32,2501,1.279
252,乙未,乙丑,31,2501,1.24
276,乙未,戊午,30,2501,1.2
290,乙未,癸卯,30,2501,1.2
281,乙未,戊辰,29,2501,1.16
192,丙申,乙丑,43,1890,2.275
236,丙申,辛卯,42,1890,2.222
190,丙申,丙申,41,1890,2.169
204,丙申,己丑,41,1890,2.169
239,丙申,辛酉,41,1890,2.169
213,丙申,庚戌,40,1890,2.116
208,丙申,己未,39,1890,2.063
237,丙申,辛巳,39,1890,2.063
212,丙申,庚寅,38,1890,2.011
223,丙申,甲子,38,1890,2.011
209,丙申,己酉,37,1890,1.958
215,丙申,庚辰,36,1890,1.905
222,丙申,甲午,36,1890,1.905
225,丙申,甲戌,36,1890,1.905
234,丙申,辛丑,36,1890,1.905
196,丙申,乙未,35,1890,1.852
228,丙申,癸丑,35,1890,1.852
184,丙申,丁未,34,1890,1.799
186,丙申,丙午,34,1890,1.799
199,丙申,壬子,34,1890,1.799
226,丙申,甲申,34,1890,1.799
227,丙申,甲辰,34,1890,1.799
232,丙申,癸未,34,1890,1.799
194,丙申,乙卯,33,1890,1.746
229,丙申,癸亥,33,1890,1.746
180,丙申,丁丑,32,1890,1.693
191,丙申,丙辰,32,1890,1.693
214,丙申,庚申,32,1890,1.693
233,丙申,癸酉,32,1890,1.693
198,丙申,壬午,31,1890,1.64
216,丙申,戊午,31,1890,1.64
219,丙申,戊戌,31,1890,1.64
205,丙申,己亥,30,1890,1.587
230,丙申,癸卯,30,1890,1.587
235,丙申,辛亥,30,1890,1.587
238,丙申,辛未,30,1890,1.587
202,丙申,壬申,29,1890,1.534
210,丙申,庚午,29,1890,1.534
217,丙申,戊子,29,1890,1.534
188,丙申,丙寅,28,1890,1.481
195,丙申,乙巳,28,1890,1.481
200,丙申,壬寅,28,1890,1.481
201,丙申,壬戌,28,1890,1.481
207,丙申,己巳,28,1890,1.481
224,丙申,甲寅,28,1890,1.481
181,丙申,丁亥,27,1890,1.429
183,丙申,丁巳,27,1890,1.429
231,丙申,癸巳,27,1890,1.429
211,丙申,庚子,26,1890,1.376
185,丙申,丁酉,25,1890,1.323
187,丙申,丙子,25,1890,1.323
189,丙申,丙戌,25,1890,1.323
206,丙申,己卯,25,1890,1.323
182,丙申,丁卯,24,1890,1.27
197,丙申,乙酉,24,1890,1.27
203,丙申,壬辰,24,1890,1.27
220,丙申,戊申,24,1890,1.27
193,丙申,乙亥,23,1890,1.217
218,丙申,戊寅,23,1890,1.217
221,丙申,戊辰,22,1890,1.164
136,丙戌,乙未,67,2967,2.258
128,丙戌,丙寅,64,2967,2.157
148,丙戌,己未,63,2967,2.123
149,丙戌,己酉,61,2967,2.056
170,丙戌,癸卯,61,2967,2.056
137,丙戌,乙酉,60,2967,2.022
157,丙戌,戊子,60,2967,2.022
158,丙戌,戊寅,58,2967,1.955
168,丙戌,癸丑,58,2967,1.955
177,丙戌,辛巳,58,2967,1.955
171,丙戌,癸巳,57,2967,1.921
156,丙戌,戊午,56,2967,1.887
127,丙戌,丙子,55,2967,1.854
144,丙戌,己丑,55,2967,1.854
163,丙戌,甲子,55,2967,1.854
167,丙戌,甲辰,55,2967,1.854
135,丙戌,乙巳,53,2967,1.786
145,丙戌,己亥,53,2967,1.786
161,丙戌,戊辰,53,2967,1.786
165,丙戌,甲戌,53,2967,1.786
162,丙戌,甲午,52,2967,1.753
179,丙戌,辛酉,52,2967,1.753
129,丙戌,丙戌,51,2967,1.719
121,丙戌,丁亥,50,2967,1.685
122,丙戌,丁卯,50,2967,1.685
151,丙戌,庚子,50,2967,1.685
154,丙戌,庚申,50,2967,1.685
172,丙戌,癸未,50,2967,1.685
141,丙戌,壬戌,49,2967,1.651
146,丙戌,己卯,49,2967,1.651
140,丙戌,壬寅,48,2967,1.618
147,丙戌,己巳,48,2967,1.618
160,丙戌,戊申,48,2967,1.618
133,丙戌,乙亥,47,2967,1.584
152,丙戌,庚寅,47,2967,1.584
155,丙戌,庚辰,47,2967,1.584
131,丙戌,丙辰,46,2967,1.55
153,丙戌,庚戌,46,2967,1.55
159,丙戌,戊戌,46,2967,1.55
176,丙戌,辛卯,46,2967,1.55
120,丙戌,丁丑,45,2967,1.517
138,丙戌,壬午,45,2967,1.517
142,丙戌,壬申,45,2967,1.517
124,丙戌,丁未,44,2967,1.483
130,丙戌,丙申,44,2967,1.483
132,丙戌,乙丑,44,2967,1.483
134,丙戌,乙卯,44,2967,1.483
173,丙戌,癸酉,44,2967,1.483
143,丙戌,壬辰,43,2967,1.449
139,丙戌,壬子,42,2967,1.416
150,丙戌,庚午,42,2967,1.416
174,丙戌,辛丑,42,2967,1.416
175,丙戌,辛亥,42,2967,1.416
178,丙戌,辛未,42,2967,1.416
123,丙戌,丁巳,41,2967,1.382
126,丙戌,丙午,41,2967,1.382
166,丙戌,甲申,41,2967,1.382
164,丙戌,甲寅,38,2967,1.281
169,丙戌,癸亥,36,2967,1.213
125,丙戌,丁酉,35,2967,1.18
86,丁酉,己卯,21,723,2.905
81,丁酉,壬戌,20,723,2.766
66,丁酉,丙午,17,723,2.351
69,丁酉,丙戌,17,723,2.351
87,丁酉,己巳,17,723,2.351
102,丁酉,甲午,17,723,2.351
103,丁酉,甲子,17,723,2.351
107,丁酉,甲辰,17,723,2.351
88,丁酉,己未,16,723,2.213
94,丁酉,庚申,16,723,2.213
111,丁酉,癸巳,16,723,2.213
65,丁酉,丁酉,15,723,2.075
98,丁酉,戊寅,15,723,2.075
106,丁酉,甲申,15,723,2.075
75,丁酉,乙巳,14,723,1.936
79,丁酉,壬子,14,723,1.936
90,丁酉,庚午,14,723,1.936
99,丁酉,戊戌,14,723,1.936
105,丁酉,甲戌,14,723,1.936
114,丁酉,辛丑,14,723,1.936
67,丁酉,丙子,13,723,1.798
68,丁酉,丙寅,13,723,1.798
70,丁酉,丙申,13,723,1.798
84,丁酉,己丑,13,723,1.798
104,丁酉,甲寅,13,723,1.798
108,丁酉,癸丑,13,723,1.798
115,丁酉,辛亥,13,723,1.798
74,丁酉,乙卯,12,723,1.66
76,丁酉,乙未,12,723,1.66
97,丁酉,戊子,12,723,1.66
112,丁酉,癸未,12,723,1.66
113,丁酉,癸酉,12,723,1.66
116,丁酉,辛卯,12,723,1.66
77,丁酉,乙酉,11,723,1.521
78,丁酉,壬午,11,723,1.521
80,丁酉,壬寅,11,723,1.521
85,丁酉,己亥,11,723,1.521
91,丁酉,庚子,11,723,1.521
118,丁酉,辛未,11,723,1.521
60,丁酉,丁丑,10,723,1.383
72,丁酉,乙丑,10,723,1.383
73,丁酉,乙亥,10,723,1.383
83,丁酉,壬辰,10,723,1.383
93,丁酉,庚戌,10,723,1.383
109,丁酉,癸亥,10,723,1.383
119,丁酉,辛酉,10,723,1.383
64,丁酉,丁未,9,723,1.245
101,丁酉,戊辰,9,723,1.245
71,丁酉,丙辰,8,723,1.107
89,丁酉,己酉,8,723,1.107
92,丁酉,庚寅,8,723,1.107
95,丁酉,庚辰,8,723,1.107
96,丁酉,戊午,8,723,1.107
100,丁酉,戊申,8,723,1.107
110,丁酉,癸卯,8,723,1.107
63,丁酉,丁巳,7,723,0.968
82,丁酉,壬申,7,723,0.968
61,丁酉,丁亥,6,723,0.83
117,丁酉,辛巳,6,723,0.83
62,丁酉,丁卯,4,723,0.553
17,丁亥,乙酉,71,3085,2.301
41,丁亥,戊辰,67,3085,2.172
19,丁亥,壬子,64,3085,2.075
16,丁亥,乙未,62,3085,2.01
35,丁亥,庚辰,62,3085,2.01
46,丁亥,甲申,61,3085,1.977
43,丁亥,甲子,60,3085,1.945
53,丁亥,癸酉,60,3085,1.945
13,丁亥,乙亥,59,3085,1.912
15,丁亥,乙巳,59,3085,1.912
23,丁亥,壬辰,59,3085,1.912
36,丁亥,戊午,59,3085,1.912
1,丁亥,丁亥,58,3085,1.88
31,丁亥,庚子,58,3085,1.88
40,丁亥,戊申,58,3085,1.88
6,丁亥,丙午,57,3085,1.848
34,丁亥,庚申,57,3085,1.848
38,丁亥,戊寅,57,3085,1.848
33,丁亥,庚戌,56,3085,1.815
7,丁亥,丙子,54,3085,1.75
21,丁亥,壬戌,54,3085,1.75
37,丁亥,戊子,54,3085,1.75
47,丁亥,甲辰,53,3085,1.718
25,丁亥,己亥,52,3085,1.686
29,丁亥,己酉,52,3085,1.686
50,丁亥,癸卯,52,3085,1.686
2,丁亥,丁卯,51,3085,1.653
11,丁亥,丙辰,51,3085,1.653
39,丁亥,戊戌,51,3085,1.653
57,丁亥,辛巳,51,3085,1.653
59,丁亥,辛酉,51,3085,1.653
4,丁亥,丁未,50,3085,1.621
27,丁亥,己巳,50,3085,1.621
22,丁亥,壬申,49,3085,1.588
32,丁亥,庚寅,49,3085,1.588
49,丁亥,癸亥,49,3085,1.588
9,丁亥,丙戌,48,3085,1.556
12,丁亥,乙丑,48,3085,1.556
14,丁亥,乙卯,48,3085,1.556
48,丁亥,癸丑,48,3085,1.556
20,丁亥,壬寅,47,3085,1.524
24,丁亥,己丑,47,3085,1.524
44,丁亥,甲寅,47,3085,1.524
54,丁亥,辛丑,47,3085,1.524
56,丁亥,辛卯,47,3085,1.524
0,丁亥,丁丑,46,3085,1.491
45,丁亥,甲戌,46,3085,1.491
10,丁亥,丙申,45,3085,1.459
26,丁亥,己卯,45,3085,1.459
55,丁亥,辛亥,45,3085,1.459
3,丁亥,丁巳,44,3085,1.426
8,丁亥,丙寅,44,3085,1.426
30,丁亥,庚午,44,3085,1.426
51,丁亥,癸巳,44,3085,1.426
52,丁亥,癸未,44,3085,1.426
58,丁亥,辛未,42,3085,1.361
18,丁亥,壬午,41,3085,1.329
42,丁亥,甲午,41,3085,1.329
28,丁亥,己未,37,3085,1.199
5,丁亥,丁酉,33,3085,1.07
