,日柱,year_ganzi,count,num_marriage_of_this_日主,流年_percentage
1074,辛酉,甲午,63,808,7.797
1075,辛酉,甲申,58,808,7.178
1071,辛酉,庚寅,56,808,6.931
1076,辛酉,癸巳,56,808,6.931
1064,辛酉,丙戌,52,808,6.436
1073,辛酉,戊子,52,808,6.436
1062,辛酉,丁亥,51,808,6.312
1078,辛酉,辛卯,51,808,6.312
1067,辛酉,乙酉,49,808,6.064
1077,辛酉,癸未,48,808,5.941
1068,辛酉,壬午,47,808,5.817
1069,辛酉,壬辰,45,808,5.569
1070,辛酉,己丑,45,808,5.569
1065,辛酉,丙申,41,808,5.074
1066,辛酉,乙未,36,808,4.455
1079,辛酉,辛巳,26,808,3.218
1072,辛酉,庚辰,22,808,2.723
1063,辛酉,丁酉,10,808,1.238
1053,辛未,庚寅,74,862,8.585
1049,辛未,乙酉,67,862,7.773
1050,辛未,壬午,65,862,7.541
1059,辛未,癸未,65,862,7.541
1051,辛未,壬辰,64,862,7.425
1055,辛未,戊子,56,862,6.497
1056,辛未,甲午,55,862,6.381
1058,辛未,癸巳,55,862,6.381
1057,辛未,甲申,53,862,6.148
1060,辛未,辛卯,51,862,5.916
1044,辛未,丁亥,42,862,4.872
1046,辛未,丙戌,42,862,4.872
1048,辛未,乙未,37,862,4.292
1052,辛未,己丑,37,862,4.292
1054,辛未,庚辰,33,862,3.828
1047,辛未,丙申,30,862,3.48
1061,辛未,辛巳,25,862,2.9
1045,辛未,丁酉,11,862,1.276
1038,辛巳,甲午,73,878,8.314
1040,辛巳,癸巳,66,878,7.517
1042,辛巳,辛卯,64,878,7.289
1031,辛巳,乙酉,63,878,7.175
1033,辛巳,壬辰,63,878,7.175
1034,辛巳,己丑,60,878,6.834
1041,辛巳,癸未,59,878,6.72
1028,辛巳,丙戌,58,878,6.606
1026,辛巳,丁亥,51,878,5.809
1037,辛巳,戊子,51,878,5.809
1035,辛巳,庚寅,48,878,5.467
1039,辛巳,甲申,46,878,5.239
1032,辛巳,壬午,44,878,5.011
1030,辛巳,乙未,42,878,4.784
1029,辛巳,丙申,39,878,4.442
1036,辛巳,庚辰,24,878,2.733
1043,辛巳,辛巳,21,878,2.392
1027,辛巳,丁酉,6,878,0.683
1020,辛卯,甲午,73,826,8.838
1014,辛卯,壬午,68,826,8.232
1021,辛卯,甲申,62,826,7.506
1022,辛卯,癸巳,62,826,7.506
1023,辛卯,癸未,52,826,6.295
1015,辛卯,壬辰,49,826,5.932
1008,辛卯,丁亥,47,826,5.69
1013,辛卯,乙酉,47,826,5.69
1024,辛卯,辛卯,47,826,5.69
1010,辛卯,丙戌,46,826,5.569
1016,辛卯,己丑,45,826,5.448
1019,辛卯,戊子,45,826,5.448
1012,辛卯,乙未,43,826,5.206
1011,辛卯,丙申,42,826,5.085
1017,辛卯,庚寅,37,826,4.479
1018,辛卯,庚辰,26,826,3.148
1025,辛卯,辛巳,23,826,2.785
1009,辛卯,丁酉,12,826,1.453
1006,辛亥,辛卯,61,778,7.841
1002,辛亥,甲午,60,778,7.712
997,辛亥,壬辰,57,778,7.326
1004,辛亥,癸巳,56,778,7.198
1005,辛亥,癸未,56,778,7.198
995,辛亥,乙酉,51,778,6.555
998,辛亥,己丑,50,778,6.427
999,辛亥,庚寅,49,778,6.298
1003,辛亥,甲申,49,778,6.298
990,辛亥,丁亥,45,778,5.784
992,辛亥,丙戌,42,778,5.398
996,辛亥,壬午,42,778,5.398
1001,辛亥,戊子,38,778,4.884
994,辛亥,乙未,34,778,4.37
993,辛亥,丙申,30,778,3.856
1007,辛亥,辛巳,26,778,3.342
1000,辛亥,庚辰,19,778,2.442
991,辛亥,丁酉,13,778,1.671
984,辛丑,甲午,67,756,8.862
986,辛丑,癸巳,66,756,8.73
987,辛丑,癸未,59,756,7.804
977,辛丑,乙酉,52,756,6.878
976,辛丑,乙未,51,756,6.746
979,辛丑,壬辰,51,756,6.746
972,辛丑,丁亥,47,756,6.217
974,辛丑,丙戌,42,756,5.556
988,辛丑,辛卯,41,756,5.423
980,辛丑,己丑,39,756,5.159
985,辛丑,甲申,39,756,5.159
975,辛丑,丙申,36,756,4.762
981,辛丑,庚寅,36,756,4.762
983,辛丑,戊子,36,756,4.762
978,辛丑,壬午,35,756,4.63
989,辛丑,辛巳,27,756,3.571
982,辛丑,庚辰,18,756,2.381
973,辛丑,丁酉,14,756,1.852
969,癸酉,癸未,70,826,8.475
959,癸酉,乙酉,66,826,7.99
966,癸酉,甲午,64,826,7.748
970,癸酉,辛卯,62,826,7.506
954,癸酉,丁亥,60,826,7.264
962,癸酉,己丑,59,826,7.143
961,癸酉,壬辰,57,826,6.901
968,癸酉,癸巳,57,826,6.901
963,癸酉,庚寅,48,826,5.811
956,癸酉,丙戌,44,826,5.327
965,癸酉,戊子,44,826,5.327
967,癸酉,甲申,37,826,4.479
958,癸酉,乙未,33,826,3.995
957,癸酉,丙申,32,826,3.874
960,癸酉,壬午,32,826,3.874
971,癸酉,辛巳,31,826,3.753
964,癸酉,庚辰,18,826,2.179
955,癸酉,丁酉,12,826,1.453
943,癸未,壬辰,67,856,7.827
948,癸未,甲午,67,856,7.827
950,癸未,癸巳,66,856,7.71
945,癸未,庚寅,63,856,7.36
942,癸未,壬午,59,856,6.893
940,癸未,乙未,54,856,6.308
947,癸未,戊子,54,856,6.308
949,癸未,甲申,51,856,5.958
938,癸未,丙戌,50,856,5.841
951,癸未,癸未,46,856,5.374
952,癸未,辛卯,45,856,5.257
936,癸未,丁亥,44,856,5.14
941,癸未,乙酉,44,856,5.14
944,癸未,己丑,43,856,5.023
939,癸未,丙申,34,856,3.972
946,癸未,庚辰,33,856,3.855
953,癸未,辛巳,24,856,2.804
937,癸未,丁酉,12,856,1.402
930,癸巳,甲午,63,776,8.119
925,癸巳,壬辰,62,776,7.99
929,癸巳,戊子,58,776,7.474
920,癸巳,丙戌,57,776,7.345
923,癸巳,乙酉,53,776,6.83
927,癸巳,庚寅,52,776,6.701
933,癸巳,癸未,51,776,6.572
932,癸巳,癸巳,49,776,6.314
918,癸巳,丁亥,44,776,5.67
934,癸巳,辛卯,44,776,5.67
924,癸巳,壬午,41,776,5.284
931,癸巳,甲申,39,776,5.026
922,癸巳,乙未,36,776,4.639
926,癸巳,己丑,35,776,4.51
921,癸巳,丙申,27,776,3.479
928,癸巳,庚辰,27,776,3.479
935,癸巳,辛巳,22,776,2.835
919,癸巳,丁酉,16,776,2.062
907,癸卯,壬辰,65,836,7.775
912,癸卯,甲午,64,836,7.656
902,癸卯,丙戌,61,836,7.297
916,癸卯,辛卯,61,836,7.297
909,癸卯,庚寅,57,836,6.818
914,癸卯,癸巳,57,836,6.818
905,癸卯,乙酉,55,836,6.579
915,癸卯,癸未,54,836,6.459
900,癸卯,丁亥,52,836,6.22
908,癸卯,己丑,52,836,6.22
911,癸卯,戊子,52,836,6.22
913,癸卯,甲申,51,836,6.1
906,癸卯,壬午,39,836,4.665
903,癸卯,丙申,30,836,3.589
904,癸卯,乙未,30,836,3.589
917,癸卯,辛巳,25,836,2.99
910,癸卯,庚辰,23,836,2.751
901,癸卯,丁酉,8,836,0.957
898,癸亥,辛卯,63,804,7.836
896,癸亥,癸巳,60,804,7.463
887,癸亥,乙酉,58,804,7.214
897,癸亥,癸未,58,804,7.214
890,癸亥,己丑,57,804,7.09
894,癸亥,甲午,57,804,7.09
889,癸亥,壬辰,54,804,6.716
888,癸亥,壬午,52,804,6.468
882,癸亥,丁亥,49,804,6.095
891,癸亥,庚寅,47,804,5.846
895,癸亥,甲申,45,804,5.597
886,癸亥,乙未,40,804,4.975
884,癸亥,丙戌,36,804,4.478
885,癸亥,丙申,33,804,4.104
893,癸亥,戊子,33,804,4.104
892,癸亥,庚辰,27,804,3.358
899,癸亥,辛巳,25,804,3.109
883,癸亥,丁酉,10,804,1.244
876,癸丑,甲午,68,860,7.907
878,癸丑,癸巳,65,860,7.558
871,癸丑,壬辰,60,860,6.977
866,癸丑,丙戌,58,860,6.744
877,癸丑,甲申,57,860,6.628
879,癸丑,癸未,57,860,6.628
872,癸丑,己丑,54,860,6.279
873,癸丑,庚寅,54,860,6.279
875,癸丑,戊子,54,860,6.279
880,癸丑,辛卯,54,860,6.279
868,癸丑,乙未,49,860,5.698
864,癸丑,丁亥,48,860,5.581
869,癸丑,乙酉,45,860,5.233
870,癸丑,壬午,42,860,4.884
867,癸丑,丙申,35,860,4.07
881,癸丑,辛巳,31,860,3.605
874,癸丑,庚辰,16,860,1.86
865,癸丑,丁酉,13,860,1.512
853,甲辰,壬辰,72,850,8.471
858,甲辰,甲午,64,850,7.529
855,甲辰,庚寅,63,850,7.412
860,甲辰,癸巳,62,850,7.294
848,甲辰,丙戌,55,850,6.471
862,甲辰,辛卯,55,850,6.471
846,甲辰,丁亥,53,850,6.235
854,甲辰,己丑,51,850,6.0
859,甲辰,甲申,48,850,5.647
861,甲辰,癸未,48,850,5.647
857,甲辰,戊子,47,850,5.529
850,甲辰,乙未,46,850,5.412
851,甲辰,乙酉,43,850,5.059
852,甲辰,壬午,41,850,4.824
849,甲辰,丙申,34,850,4.0
863,甲辰,辛巳,29,850,3.412
856,甲辰,庚辰,22,850,2.588
847,甲辰,丁酉,17,850,2.0
840,甲申,甲午,69,858,8.042
842,甲申,癸巳,65,858,7.576
828,甲申,丁亥,61,858,7.11
835,甲申,壬辰,59,858,6.876
833,甲申,乙酉,57,858,6.643
834,甲申,壬午,55,858,6.41
841,甲申,甲申,53,858,6.177
843,甲申,癸未,53,858,6.177
844,甲申,辛卯,53,858,6.177
837,甲申,庚寅,52,858,6.061
836,甲申,己丑,50,858,5.828
832,甲申,乙未,45,858,5.245
839,甲申,戊子,44,858,5.128
830,甲申,丙戌,41,858,4.779
831,甲申,丙申,34,858,3.963
838,甲申,庚辰,27,858,3.147
845,甲申,辛巳,25,858,2.914
829,甲申,丁酉,15,858,1.748
822,甲戌,甲午,73,844,8.649
824,甲戌,癸巳,68,844,8.057
817,甲戌,壬辰,66,844,7.82
815,甲戌,乙酉,58,844,6.872
819,甲戌,庚寅,56,844,6.635
826,甲戌,辛卯,55,844,6.517
825,甲戌,癸未,54,844,6.398
812,甲戌,丙戌,53,844,6.28
821,甲戌,戊子,50,844,5.924
823,甲戌,甲申,49,844,5.806
810,甲戌,丁亥,46,844,5.45
816,甲戌,壬午,43,844,5.095
814,甲戌,乙未,42,844,4.976
813,甲戌,丙申,36,844,4.265
818,甲戌,己丑,31,844,3.673
827,甲戌,辛巳,26,844,3.081
820,甲戌,庚辰,24,844,2.844
811,甲戌,丁酉,14,844,1.659
799,甲寅,壬辰,60,762,7.874
804,甲寅,甲午,60,762,7.874
801,甲寅,庚寅,56,762,7.349
808,甲寅,辛卯,56,762,7.349
806,甲寅,癸巳,52,762,6.824
807,甲寅,癸未,49,762,6.43
797,甲寅,乙酉,48,762,6.299
792,甲寅,丁亥,47,762,6.168
800,甲寅,己丑,46,762,6.037
805,甲寅,甲申,45,762,5.906
803,甲寅,戊子,42,762,5.512
798,甲寅,壬午,40,762,5.249
794,甲寅,丙戌,38,762,4.987
796,甲寅,乙未,35,762,4.593
795,甲寅,丙申,28,762,3.675
809,甲寅,辛巳,28,762,3.675
802,甲寅,庚辰,19,762,2.493
793,甲寅,丁酉,13,762,1.706
783,甲子,庚寅,76,926,8.207
781,甲子,壬辰,70,926,7.559
786,甲子,甲午,68,926,7.343
785,甲子,戊子,66,926,7.127
782,甲子,己丑,65,926,7.019
774,甲子,丁亥,60,926,6.479
788,甲子,癸巳,56,926,6.048
790,甲子,辛卯,56,926,6.048
776,甲子,丙戌,55,926,5.94
787,甲子,甲申,54,926,5.832
789,甲子,癸未,54,926,5.832
780,甲子,壬午,50,926,5.4
778,甲子,乙未,44,926,4.752
779,甲子,乙酉,43,926,4.644
777,甲子,丙申,38,926,4.104
791,甲子,辛巳,33,926,3.564
784,甲子,庚辰,21,926,2.268
775,甲子,丁酉,17,926,1.836
770,甲午,癸巳,67,806,8.313
768,甲午,甲午,64,806,7.94
769,甲午,甲申,63,806,7.816
772,甲午,辛卯,58,806,7.196
771,甲午,癸未,54,806,6.7
758,甲午,丙戌,52,806,6.452
767,甲午,戊子,49,806,6.079
762,甲午,壬午,48,806,5.955
760,甲午,乙未,45,806,5.583
761,甲午,乙酉,45,806,5.583
756,甲午,丁亥,41,806,5.087
765,甲午,庚寅,41,806,5.087
763,甲午,壬辰,40,806,4.963
764,甲午,己丑,40,806,4.963
759,甲午,丙申,36,806,4.467
773,甲午,辛巳,29,806,3.598
757,甲午,丁酉,17,806,2.109
766,甲午,庚辰,17,806,2.109
743,戊辰,乙酉,72,866,8.314
745,戊辰,壬辰,71,866,8.199
738,戊辰,丁亥,67,866,7.737
747,戊辰,庚寅,64,866,7.39
754,戊辰,辛卯,59,866,6.813
752,戊辰,癸巳,58,866,6.697
753,戊辰,癸未,56,866,6.467
750,戊辰,甲午,55,866,6.351
751,戊辰,甲申,55,866,6.351
740,戊辰,丙戌,53,866,6.12
749,戊辰,戊子,53,866,6.12
744,戊辰,壬午,50,866,5.774
746,戊辰,己丑,49,866,5.658
742,戊辰,乙未,29,866,3.349
755,戊辰,辛巳,23,866,2.656
741,戊辰,丙申,22,866,2.54
748,戊辰,庚辰,21,866,2.425
739,戊辰,丁酉,9,866,1.039
729,戊申,庚寅,60,770,7.792
720,戊申,丁亥,58,770,7.532
725,戊申,乙酉,56,770,7.273
727,戊申,壬辰,55,770,7.143
734,戊申,癸巳,55,770,7.143
731,戊申,戊子,53,770,6.883
736,戊申,辛卯,50,770,6.494
732,戊申,甲午,49,770,6.364
722,戊申,丙戌,48,770,6.234
728,戊申,己丑,48,770,6.234
735,戊申,癸未,45,770,5.844
733,戊申,甲申,43,770,5.584
726,戊申,壬午,39,770,5.065
724,戊申,乙未,36,770,4.675
723,戊申,丙申,24,770,3.117
737,戊申,辛巳,22,770,2.857
730,戊申,庚辰,21,770,2.727
721,戊申,丁酉,8,770,1.039
716,戊戌,癸巳,67,804,8.333
714,戊戌,甲午,58,804,7.214
717,戊戌,癸未,56,804,6.965
718,戊戌,辛卯,52,804,6.468
702,戊戌,丁亥,51,804,6.343
706,戊戌,乙未,51,804,6.343
707,戊戌,乙酉,50,804,6.219
709,戊戌,壬辰,50,804,6.219
710,戊戌,己丑,47,804,5.846
711,戊戌,庚寅,47,804,5.846
715,戊戌,甲申,47,804,5.846
704,戊戌,丙戌,46,804,5.721
713,戊戌,戊子,43,804,5.348
708,戊戌,壬午,41,804,5.1
719,戊戌,辛巳,32,804,3.98
705,戊戌,丙申,31,804,3.856
712,戊戌,庚辰,21,804,2.612
703,戊戌,丁酉,14,804,1.741
691,戊寅,壬辰,68,888,7.658
697,戊寅,甲申,62,888,6.982
690,戊寅,壬午,61,888,6.869
692,戊寅,己丑,60,888,6.757
700,戊寅,辛卯,60,888,6.757
696,戊寅,甲午,59,888,6.644
686,戊寅,丙戌,58,888,6.532
684,戊寅,丁亥,57,888,6.419
689,戊寅,乙酉,57,888,6.419
693,戊寅,庚寅,55,888,6.194
698,戊寅,癸巳,55,888,6.194
699,戊寅,癸未,52,888,5.856
695,戊寅,戊子,49,888,5.518
688,戊寅,乙未,42,888,4.73
694,戊寅,庚辰,31,888,3.491
701,戊寅,辛巳,24,888,2.703
687,戊寅,丙申,23,888,2.59
685,戊寅,丁酉,15,888,1.689
680,戊子,癸巳,79,886,8.916
673,戊子,壬辰,67,886,7.562
678,戊子,甲午,66,886,7.449
682,戊子,辛卯,66,886,7.449
675,戊子,庚寅,61,886,6.885
677,戊子,戊子,61,886,6.885
668,戊子,丙戌,60,886,6.772
666,戊子,丁亥,54,886,6.095
674,戊子,己丑,52,886,5.869
679,戊子,甲申,52,886,5.869
671,戊子,乙酉,49,886,5.53
681,戊子,癸未,49,886,5.53
670,戊子,乙未,48,886,5.418
672,戊子,壬午,39,886,4.402
669,戊子,丙申,29,886,3.273
683,戊子,辛巳,25,886,2.822
676,戊子,庚辰,17,886,1.919
667,戊子,丁酉,12,886,1.354
664,戊午,辛卯,63,842,7.482
657,戊午,庚寅,62,842,7.363
648,戊午,丁亥,59,842,7.007
661,戊午,甲申,59,842,7.007
660,戊午,甲午,58,842,6.888
656,戊午,己丑,57,842,6.77
662,戊午,癸巳,57,842,6.77
650,戊午,丙戌,56,842,6.651
655,戊午,壬辰,56,842,6.651
659,戊午,戊子,56,842,6.651
653,戊午,乙酉,54,842,6.413
663,戊午,癸未,48,842,5.701
654,戊午,壬午,45,842,5.344
651,戊午,丙申,31,842,3.682
652,戊午,乙未,30,842,3.563
665,戊午,辛巳,24,842,2.85
658,戊午,庚辰,19,842,2.257
649,戊午,丁酉,8,842,0.95
644,庚辰,癸巳,73,840,8.69
642,庚辰,甲午,65,840,7.738
646,庚辰,辛卯,63,840,7.5
630,庚辰,丁亥,62,840,7.381
637,庚辰,壬辰,58,840,6.905
638,庚辰,己丑,58,840,6.905
639,庚辰,庚寅,54,840,6.429
635,庚辰,乙酉,52,840,6.19
643,庚辰,甲申,50,840,5.952
636,庚辰,壬午,48,840,5.714
632,庚辰,丙戌,47,840,5.595
634,庚辰,乙未,44,840,5.238
641,庚辰,戊子,44,840,5.238
645,庚辰,癸未,37,840,4.405
633,庚辰,丙申,36,840,4.286
640,庚辰,庚辰,26,840,3.095
647,庚辰,辛巳,15,840,1.786
631,庚辰,丁酉,8,840,0.952
624,庚申,甲午,62,824,7.524
626,庚申,癸巳,62,824,7.524
628,庚申,辛卯,62,824,7.524
625,庚申,甲申,59,824,7.16
612,庚申,丁亥,57,824,6.917
617,庚申,乙酉,56,824,6.796
620,庚申,己丑,54,824,6.553
619,庚申,壬辰,52,824,6.311
614,庚申,丙戌,50,824,6.068
627,庚申,癸未,50,824,6.068
618,庚申,壬午,44,824,5.34
621,庚申,庚寅,44,824,5.34
616,庚申,乙未,43,824,5.218
623,庚申,戊子,42,824,5.097
615,庚申,丙申,32,824,3.883
629,庚申,辛巳,24,824,2.913
613,庚申,丁酉,16,824,1.942
622,庚申,庚辰,15,824,1.82
606,庚戌,甲午,66,830,7.952
608,庚戌,癸巳,60,830,7.229
601,庚戌,壬辰,59,830,7.108
594,庚戌,丁亥,56,830,6.747
610,庚戌,辛卯,56,830,6.747
599,庚戌,乙酉,54,830,6.506
602,庚戌,己丑,53,830,6.386
600,庚戌,壬午,52,830,6.265
603,庚戌,庚寅,50,830,6.024
609,庚戌,癸未,49,830,5.904
596,庚戌,丙戌,46,830,5.542
607,庚戌,甲申,45,830,5.422
605,庚戌,戊子,41,830,4.94
597,庚戌,丙申,40,830,4.819
598,庚戌,乙未,40,830,4.819
604,庚戌,庚辰,29,830,3.494
611,庚戌,辛巳,24,830,2.892
595,庚戌,丁酉,10,830,1.205
592,庚寅,辛卯,68,834,8.153
590,庚寅,癸巳,67,834,8.034
588,庚寅,甲午,64,834,7.674
587,庚寅,戊子,59,834,7.074
585,庚寅,庚寅,58,834,6.954
584,庚寅,己丑,56,834,6.715
581,庚寅,乙酉,54,834,6.475
583,庚寅,壬辰,52,834,6.235
576,庚寅,丁亥,49,834,5.875
578,庚寅,丙戌,47,834,5.635
591,庚寅,癸未,47,834,5.635
582,庚寅,壬午,45,834,5.396
589,庚寅,甲申,43,834,5.156
580,庚寅,乙未,39,834,4.676
579,庚寅,丙申,38,834,4.556
586,庚寅,庚辰,22,834,2.638
593,庚寅,辛巳,18,834,2.158
577,庚寅,丁酉,8,834,0.959
567,庚子,庚寅,75,904,8.296
574,庚子,辛卯,74,904,8.186
572,庚子,癸巳,70,904,7.743
565,庚子,壬辰,64,904,7.08
569,庚子,戊子,64,904,7.08
566,庚子,己丑,63,904,6.969
558,庚子,丁亥,58,904,6.416
564,庚子,壬午,55,904,6.084
563,庚子,乙酉,54,904,5.973
570,庚子,甲午,53,904,5.863
571,庚子,甲申,53,904,5.863
560,庚子,丙戌,50,904,5.531
573,庚子,癸未,47,904,5.199
562,庚子,乙未,40,904,4.425
561,庚子,丙申,26,904,2.876
568,庚子,庚辰,26,904,2.876
575,庚子,辛巳,21,904,2.323
559,庚子,丁酉,11,904,1.217
549,庚午,庚寅,64,826,7.748
552,庚午,甲午,64,826,7.748
548,庚午,己丑,62,826,7.506
556,庚午,辛卯,62,826,7.506
547,庚午,壬辰,61,826,7.385
551,庚午,戊子,55,826,6.659
554,庚午,癸巳,55,826,6.659
555,庚午,癸未,53,826,6.416
553,庚午,甲申,51,826,6.174
540,庚午,丁亥,44,826,5.327
546,庚午,壬午,44,826,5.327
542,庚午,丙戌,42,826,5.085
544,庚午,乙未,40,826,4.843
545,庚午,乙酉,37,826,4.479
557,庚午,辛巳,31,826,3.753
543,庚午,丙申,29,826,3.511
550,庚午,庚辰,18,826,2.179
541,庚午,丁酉,14,826,1.695
536,己酉,癸巳,69,830,8.313
538,己酉,辛卯,69,830,8.313
534,己酉,甲午,62,830,7.47
524,己酉,丙戌,61,830,7.349
530,己酉,己丑,55,830,6.627
533,己酉,戊子,55,830,6.627
535,己酉,甲申,54,830,6.506
522,己酉,丁亥,52,830,6.265
529,己酉,壬辰,47,830,5.663
531,己酉,庚寅,47,830,5.663
527,己酉,乙酉,46,830,5.542
537,己酉,癸未,46,830,5.542
528,己酉,壬午,42,830,5.06
525,己酉,丙申,37,830,4.458
526,己酉,乙未,36,830,4.337
539,己酉,辛巳,25,830,3.012
532,己酉,庚辰,19,830,2.289
523,己酉,丁酉,8,830,0.964
518,己未,癸巳,76,870,8.736
516,己未,甲午,71,870,8.161
517,己未,甲申,66,870,7.586
506,己未,丙戌,63,870,7.241
511,己未,壬辰,60,870,6.897
520,己未,辛卯,60,870,6.897
515,己未,戊子,58,870,6.667
513,己未,庚寅,57,870,6.552
508,己未,乙未,54,870,6.207
510,己未,壬午,48,870,5.517
509,己未,乙酉,45,870,5.172
519,己未,癸未,45,870,5.172
507,己未,丙申,39,870,4.483
512,己未,己丑,38,870,4.368
504,己未,丁亥,37,870,4.253
521,己未,辛巳,21,870,2.414
505,己未,丁酉,16,870,1.839
514,己未,庚辰,16,870,1.839
502,己巳,辛卯,71,838,8.473
500,己巳,癸巳,66,838,7.876
495,己巳,庚寅,60,838,7.16
497,己巳,戊子,58,838,6.921
494,己巳,己丑,56,838,6.683
501,己巳,癸未,56,838,6.683
498,己巳,甲午,53,838,6.325
493,己巳,壬辰,52,838,6.205
486,己巳,丁亥,50,838,5.967
491,己巳,乙酉,50,838,5.967
499,己巳,甲申,49,838,5.847
488,己巳,丙戌,48,838,5.728
490,己巳,乙未,42,838,5.012
492,己巳,壬午,39,838,4.654
503,己巳,辛巳,30,838,3.58
489,己巳,丙申,28,838,3.341
487,己巳,丁酉,17,838,2.029
496,己巳,庚辰,13,838,1.551
482,己卯,癸巳,58,802,7.232
475,己卯,壬辰,57,802,7.107
472,己卯,乙未,53,802,6.608
480,己卯,甲午,53,802,6.608
483,己卯,癸未,53,802,6.608
477,己卯,庚寅,52,802,6.484
473,己卯,乙酉,50,802,6.234
470,己卯,丙戌,49,802,6.11
481,己卯,甲申,49,802,6.11
474,己卯,壬午,48,802,5.985
484,己卯,辛卯,48,802,5.985
479,己卯,戊子,47,802,5.86
468,己卯,丁亥,45,802,5.611
476,己卯,己丑,45,802,5.611
471,己卯,丙申,25,802,3.117
485,己卯,辛巳,25,802,3.117
478,己卯,庚辰,24,802,2.993
469,己卯,丁酉,21,802,2.618
464,己亥,癸巳,61,786,7.761
462,己亥,甲午,60,786,7.634
466,己亥,辛卯,58,786,7.379
461,己亥,戊子,54,786,6.87
452,己亥,丙戌,53,786,6.743
450,己亥,丁亥,52,786,6.616
457,己亥,壬辰,51,786,6.489
463,己亥,甲申,50,786,6.361
458,己亥,己丑,49,786,6.234
459,己亥,庚寅,47,786,5.98
456,己亥,壬午,46,786,5.852
455,己亥,乙酉,43,786,5.471
465,己亥,癸未,42,786,5.344
454,己亥,乙未,35,786,4.453
453,己亥,丙申,30,786,3.817
467,己亥,辛巳,23,786,2.926
460,己亥,庚辰,21,786,2.672
451,己亥,丁酉,11,786,1.399
444,己丑,甲午,73,880,8.295
448,己丑,辛卯,66,880,7.5
439,己丑,壬辰,65,880,7.386
446,己丑,癸巳,62,880,7.045
441,己丑,庚寅,59,880,6.705
445,己丑,甲申,59,880,6.705
437,己丑,乙酉,56,880,6.364
434,己丑,丙戌,55,880,6.25
447,己丑,癸未,54,880,6.136
440,己丑,己丑,52,880,5.909
443,己丑,戊子,51,880,5.795
432,己丑,丁亥,47,880,5.341
438,己丑,壬午,47,880,5.341
435,己丑,丙申,41,880,4.659
436,己丑,乙未,39,880,4.432
449,己丑,辛巳,23,880,2.614
442,己丑,庚辰,18,880,2.045
433,己丑,丁酉,13,880,1.477
422,壬辰,己丑,60,742,8.086
414,壬辰,丁亥,59,742,7.951
430,壬辰,辛卯,59,742,7.951
428,壬辰,癸巳,58,742,7.817
419,壬辰,乙酉,53,742,7.143
426,壬辰,甲午,50,742,6.739
421,壬辰,壬辰,47,742,6.334
416,壬辰,丙戌,43,742,5.795
423,壬辰,庚寅,42,742,5.66
427,壬辰,甲申,41,742,5.526
420,壬辰,壬午,40,742,5.391
429,壬辰,癸未,40,742,5.391
425,壬辰,戊子,39,742,5.256
418,壬辰,乙未,38,742,5.121
417,壬辰,丙申,24,742,3.235
424,壬辰,庚辰,24,742,3.235
431,壬辰,辛巳,15,742,2.022
415,壬辰,丁酉,10,742,1.348
410,壬申,癸巳,74,818,9.046
408,壬申,甲午,65,818,7.946
412,壬申,辛卯,64,818,7.824
411,壬申,癸未,58,818,7.09
403,壬申,壬辰,56,818,6.846
407,壬申,戊子,55,818,6.724
404,壬申,己丑,51,818,6.235
405,壬申,庚寅,51,818,6.235
396,壬申,丁亥,49,818,5.99
401,壬申,乙酉,48,818,5.868
398,壬申,丙戌,45,818,5.501
400,壬申,乙未,42,818,5.134
409,壬申,甲申,40,818,4.89
402,壬申,壬午,35,818,4.279
413,壬申,辛巳,33,818,4.034
399,壬申,丙申,29,818,3.545
406,壬申,庚辰,16,818,1.956
397,壬申,丁酉,7,818,0.856
394,壬戌,辛卯,69,846,8.156
392,壬戌,癸巳,67,846,7.92
387,壬戌,庚寅,60,846,7.092
383,壬戌,乙酉,59,846,6.974
386,壬戌,己丑,59,846,6.974
393,壬戌,癸未,56,846,6.619
385,壬戌,壬辰,55,846,6.501
378,壬戌,丁亥,54,846,6.383
389,壬戌,戊子,52,846,6.147
380,壬戌,丙戌,49,846,5.792
382,壬戌,乙未,49,846,5.792
390,壬戌,甲午,48,846,5.674
391,壬戌,甲申,43,846,5.083
384,壬戌,壬午,38,846,4.492
381,壬戌,丙申,28,846,3.31
395,壬戌,辛巳,23,846,2.719
379,壬戌,丁酉,20,846,2.364
388,壬戌,庚辰,17,846,2.009
376,壬寅,辛卯,73,826,8.838
374,壬寅,癸巳,65,826,7.869
367,壬寅,壬辰,63,826,7.627
368,壬寅,己丑,61,826,7.385
372,壬寅,甲午,61,826,7.385
373,壬寅,甲申,59,826,7.143
369,壬寅,庚寅,54,826,6.538
362,壬寅,丙戌,48,826,5.811
360,壬寅,丁亥,47,826,5.69
366,壬寅,壬午,46,826,5.569
371,壬寅,戊子,45,826,5.448
375,壬寅,癸未,43,826,5.206
365,壬寅,乙酉,42,826,5.085
364,壬寅,乙未,41,826,4.964
363,壬寅,丙申,28,826,3.39
377,壬寅,辛巳,25,826,3.027
370,壬寅,庚辰,14,826,1.695
361,壬寅,丁酉,11,826,1.332
354,壬子,甲午,73,810,9.012
342,壬子,丁亥,64,810,7.901
349,壬子,壬辰,62,810,7.654
350,壬子,己丑,59,810,7.284
358,壬子,辛卯,54,810,6.667
347,壬子,乙酉,53,810,6.543
356,壬子,癸巳,53,810,6.543
357,壬子,癸未,48,810,5.926
355,壬子,甲申,47,810,5.802
351,壬子,庚寅,46,810,5.679
344,壬子,丙戌,42,810,5.185
346,壬子,乙未,40,810,4.938
348,壬子,壬午,38,810,4.691
353,壬子,戊子,37,810,4.568
345,壬子,丙申,34,810,4.198
359,壬子,辛巳,27,810,3.333
352,壬子,庚辰,19,810,2.346
343,壬子,丁酉,14,810,1.728
333,壬午,庚寅,72,804,8.955
338,壬午,癸巳,64,804,7.96
331,壬午,壬辰,61,804,7.587
335,壬午,戊子,60,804,7.463
339,壬午,癸未,53,804,6.592
336,壬午,甲午,52,804,6.468
328,壬午,乙未,50,804,6.219
332,壬午,己丑,47,804,5.846
326,壬午,丙戌,45,804,5.597
330,壬午,壬午,45,804,5.597
340,壬午,辛卯,44,804,5.473
337,壬午,甲申,43,804,5.348
324,壬午,丁亥,41,804,5.1
329,壬午,乙酉,38,804,4.726
327,壬午,丙申,31,804,3.856
341,壬午,辛巳,28,804,3.483
334,壬午,庚辰,19,804,2.363
325,壬午,丁酉,11,804,1.368
322,乙酉,辛卯,79,934,8.458
320,乙酉,癸巳,78,934,8.351
311,乙酉,乙酉,74,934,7.923
306,乙酉,丁亥,71,934,7.602
314,乙酉,己丑,63,934,6.745
315,乙酉,庚寅,61,934,6.531
308,乙酉,丙戌,60,934,6.424
317,乙酉,戊子,59,934,6.317
313,乙酉,壬辰,58,934,6.21
319,乙酉,甲申,56,934,5.996
312,乙酉,壬午,52,934,5.567
321,乙酉,癸未,52,934,5.567
318,乙酉,甲午,49,934,5.246
310,乙酉,乙未,43,934,4.604
316,乙酉,庚辰,25,934,2.677
309,乙酉,丙申,24,934,2.57
323,乙酉,辛巳,19,934,2.034
307,乙酉,丁酉,11,934,1.178
293,乙未,乙酉,69,874,7.895
290,乙未,丙戌,67,874,7.666
299,乙未,戊子,64,874,7.323
300,乙未,甲午,63,874,7.208
288,乙未,丁亥,62,874,7.094
304,乙未,辛卯,60,874,6.865
302,乙未,癸巳,57,874,6.522
303,乙未,癸未,55,874,6.293
296,乙未,己丑,52,874,5.95
301,乙未,甲申,50,874,5.721
297,乙未,庚寅,49,874,5.606
295,乙未,壬辰,48,874,5.492
294,乙未,壬午,42,874,4.805
292,乙未,乙未,39,874,4.462
291,乙未,丙申,35,874,4.005
305,乙未,辛巳,26,874,2.975
298,乙未,庚辰,24,874,2.746
289,乙未,丁酉,12,874,1.373
278,乙巳,己丑,61,808,7.55
286,乙巳,辛卯,60,808,7.426
270,乙巳,丁亥,59,808,7.302
282,乙巳,甲午,58,808,7.178
284,乙巳,癸巳,57,808,7.054
277,乙巳,壬辰,56,808,6.931
272,乙巳,丙戌,53,808,6.559
275,乙巳,乙酉,53,808,6.559
279,乙巳,庚寅,51,808,6.312
281,乙巳,戊子,50,808,6.188
283,乙巳,甲申,50,808,6.188
285,乙巳,癸未,45,808,5.569
274,乙巳,乙未,42,808,5.198
276,乙巳,壬午,36,808,4.455
273,乙巳,丙申,28,808,3.465
287,乙巳,辛巳,21,808,2.599
271,乙巳,丁酉,14,808,1.733
280,乙巳,庚辰,14,808,1.733
264,乙卯,甲午,63,772,8.161
266,乙卯,癸巳,63,772,8.161
268,乙卯,辛卯,58,772,7.513
259,乙卯,壬辰,55,772,7.124
260,乙卯,己丑,55,772,7.124
252,乙卯,丁亥,48,772,6.218
261,乙卯,庚寅,47,772,6.088
256,乙卯,乙未,45,772,5.829
254,乙卯,丙戌,44,772,5.699
263,乙卯,戊子,43,772,5.57
257,乙卯,乙酉,41,772,5.311
258,乙卯,壬午,41,772,5.311
267,乙卯,癸未,40,772,5.181
265,乙卯,甲申,37,772,4.793
255,乙卯,丙申,33,772,4.275
262,乙卯,庚辰,27,772,3.497
269,乙卯,辛巳,20,772,2.591
253,乙卯,丁酉,12,772,1.554
248,乙亥,癸巳,62,756,8.201
234,乙亥,丁亥,59,756,7.804
239,乙亥,乙酉,56,756,7.407
250,乙亥,辛卯,53,756,7.011
241,乙亥,壬辰,51,756,6.746
242,乙亥,己丑,51,756,6.746
236,乙亥,丙戌,47,756,6.217
243,乙亥,庚寅,47,756,6.217
246,乙亥,甲午,47,756,6.217
245,乙亥,戊子,46,756,6.085
249,乙亥,癸未,45,756,5.952
238,乙亥,乙未,42,756,5.556
247,乙亥,甲申,41,756,5.423
240,乙亥,壬午,38,756,5.026
237,乙亥,丙申,23,756,3.042
251,乙亥,辛巳,20,756,2.646
244,乙亥,庚辰,18,756,2.381
235,乙亥,丁酉,10,756,1.323
228,乙丑,甲午,73,812,8.99
232,乙丑,辛卯,61,812,7.512
230,乙丑,癸巳,59,812,7.266
223,乙丑,壬辰,58,812,7.143
231,乙丑,癸未,56,812,6.897
225,乙丑,庚寅,54,812,6.65
221,乙丑,乙酉,51,812,6.281
224,乙丑,己丑,50,812,6.158
216,乙丑,丁亥,48,812,5.911
227,乙丑,戊子,48,812,5.911
218,乙丑,丙戌,44,812,5.419
229,乙丑,甲申,44,812,5.419
219,乙丑,丙申,43,812,5.296
222,乙丑,壬午,39,812,4.803
220,乙丑,乙未,31,812,3.818
233,乙丑,辛巳,26,812,3.202
226,乙丑,庚辰,17,812,2.094
217,乙丑,丁酉,10,812,1.232
212,丙辰,癸巳,64,788,8.122
210,丙辰,甲午,60,788,7.614
203,丙辰,乙酉,57,788,7.234
207,丙辰,庚寅,56,788,7.107
209,丙辰,戊子,54,788,6.853
205,丙辰,壬辰,53,788,6.726
198,丙辰,丁亥,51,788,6.472
213,丙辰,癸未,51,788,6.472
214,丙辰,辛卯,51,788,6.472
200,丙辰,丙戌,46,788,5.838
211,丙辰,甲申,44,788,5.584
206,丙辰,己丑,42,788,5.33
202,丙辰,乙未,40,788,5.076
204,丙辰,壬午,39,788,4.949
201,丙辰,丙申,32,788,4.061
215,丙辰,辛巳,22,788,2.792
208,丙辰,庚辰,18,788,2.284
199,丙辰,丁酉,8,788,1.015
194,丙申,癸巳,71,758,9.367
192,丙申,甲午,63,758,8.311
196,丙申,辛卯,61,758,8.047
186,丙申,壬午,49,758,6.464
193,丙申,甲申,49,758,6.464
187,丙申,壬辰,46,758,6.069
180,丙申,丁亥,45,758,5.937
184,丙申,乙未,45,758,5.937
182,丙申,丙戌,44,758,5.805
188,丙申,己丑,43,758,5.673
189,丙申,庚寅,43,758,5.673
183,丙申,丙申,41,758,5.409
191,丙申,戊子,41,758,5.409
185,丙申,乙酉,40,758,5.277
195,丙申,癸未,29,758,3.826
190,丙申,庚辰,22,758,2.902
181,丙申,丁酉,13,758,1.715
197,丙申,辛巳,13,758,1.715
176,丙戌,癸巳,72,826,8.717
174,丙戌,甲午,59,826,7.143
169,丙戌,壬辰,58,826,7.022
173,丙戌,戊子,57,826,6.901
171,丙戌,庚寅,56,826,6.78
178,丙戌,辛卯,56,826,6.78
177,丙戌,癸未,55,826,6.659
166,丙戌,乙未,53,826,6.416
164,丙戌,丙戌,51,826,6.174
162,丙戌,丁亥,48,826,5.811
167,丙戌,乙酉,46,826,5.569
170,丙戌,己丑,44,826,5.327
175,丙戌,甲申,43,826,5.206
168,丙戌,壬午,35,826,4.237
179,丙戌,辛巳,33,826,3.995
165,丙戌,丙申,25,826,3.027
172,丙戌,庚辰,18,826,2.179
163,丙戌,丁酉,17,826,2.058
151,丙寅,壬辰,69,844,8.175
158,丙寅,癸巳,67,844,7.938
146,丙寅,丙戌,64,844,7.583
153,丙寅,庚寅,63,844,7.464
156,丙寅,甲午,57,844,6.754
160,丙寅,辛卯,56,844,6.635
155,丙寅,戊子,54,844,6.398
157,丙寅,甲申,54,844,6.398
152,丙寅,己丑,49,844,5.806
148,丙寅,乙未,48,844,5.687
159,丙寅,癸未,48,844,5.687
149,丙寅,乙酉,46,844,5.45
144,丙寅,丁亥,44,844,5.213
150,丙寅,壬午,42,844,4.976
147,丙寅,丙申,28,844,3.318
154,丙寅,庚辰,21,844,2.488
161,丙寅,辛巳,21,844,2.488
145,丙寅,丁酉,13,844,1.54
133,丙子,壬辰,71,830,8.554
140,丙子,癸巳,68,830,8.193
138,丙子,甲午,59,830,7.108
142,丙子,辛卯,59,830,7.108
134,丙子,己丑,58,830,6.988
135,丙子,庚寅,57,830,6.867
128,丙子,丙戌,55,830,6.627
126,丙子,丁亥,54,830,6.506
139,丙子,甲申,51,830,6.145
130,丙子,乙未,49,830,5.904
131,丙子,乙酉,47,830,5.663
141,丙子,癸未,46,830,5.542
137,丙子,戊子,41,830,4.94
132,丙子,壬午,36,830,4.337
129,丙子,丙申,25,830,3.012
143,丙子,辛巳,22,830,2.651
136,丙子,庚辰,19,830,2.289
127,丙子,丁酉,13,830,1.566
113,丙午,乙酉,66,864,7.639
122,丙午,癸巳,64,864,7.407
117,丙午,庚寅,63,864,7.292
123,丙午,癸未,61,864,7.06
124,丙午,辛卯,61,864,7.06
108,丙午,丁亥,57,864,6.597
115,丙午,壬辰,57,864,6.597
120,丙午,甲午,57,864,6.597
119,丙午,戊子,52,864,6.019
114,丙午,壬午,49,864,5.671
116,丙午,己丑,46,864,5.324
121,丙午,甲申,44,864,5.093
112,丙午,乙未,43,864,4.977
110,丙午,丙戌,41,864,4.745
111,丙午,丙申,34,864,3.935
125,丙午,辛巳,29,864,3.356
118,丙午,庚辰,23,864,2.662
109,丙午,丁酉,17,864,1.968
104,丁酉,癸巳,69,756,9.127
106,丁酉,辛卯,68,756,8.995
102,丁酉,甲午,62,756,8.201
97,丁酉,壬辰,60,756,7.937
98,丁酉,己丑,50,756,6.614
105,丁酉,癸未,50,756,6.614
94,丁酉,乙未,45,756,5.952
101,丁酉,戊子,45,756,5.952
99,丁酉,庚寅,44,756,5.82
96,丁酉,壬午,41,756,5.423
95,丁酉,乙酉,39,756,5.159
92,丁酉,丙戌,35,756,4.63
90,丁酉,丁亥,33,756,4.365
103,丁酉,甲申,29,756,3.836
93,丁酉,丙申,25,756,3.307
100,丁酉,庚辰,23,756,3.042
107,丁酉,辛巳,23,756,3.042
91,丁酉,丁酉,15,756,1.984
84,丁未,甲午,68,806,8.437
86,丁未,癸巳,68,806,8.437
79,丁未,壬辰,64,806,7.94
81,丁未,庚寅,59,806,7.32
88,丁未,辛卯,58,806,7.196
77,丁未,乙酉,53,806,6.576
83,丁未,戊子,51,806,6.328
72,丁未,丁亥,50,806,6.203
80,丁未,己丑,50,806,6.203
76,丁未,乙未,46,806,5.707
87,丁未,癸未,46,806,5.707
74,丁未,丙戌,44,806,5.459
85,丁未,甲申,36,806,4.467
75,丁未,丙申,34,806,4.218
78,丁未,壬午,32,806,3.97
89,丁未,辛巳,20,806,2.481
82,丁未,庚辰,18,806,2.233
73,丁未,丁酉,9,806,1.117
70,丁巳,辛卯,69,756,9.127
68,丁巳,癸巳,65,756,8.598
66,丁巳,甲午,54,756,7.143
59,丁巳,乙酉,51,756,6.746
61,丁巳,壬辰,51,756,6.746
63,丁巳,庚寅,51,756,6.746
62,丁巳,己丑,50,756,6.614
65,丁巳,戊子,50,756,6.614
69,丁巳,癸未,49,756,6.481
54,丁巳,丁亥,44,756,5.82
56,丁巳,丙戌,41,756,5.423
67,丁巳,甲申,37,756,4.894
60,丁巳,壬午,36,756,4.762
58,丁巳,乙未,34,756,4.497
57,丁巳,丙申,27,756,3.571
71,丁巳,辛巳,23,756,3.042
64,丁巳,庚辰,17,756,2.249
55,丁巳,丁酉,7,756,0.926
41,丁卯,乙酉,58,758,7.652
48,丁卯,甲午,57,758,7.52
47,丁卯,戊子,55,758,7.256
50,丁卯,癸巳,54,758,7.124
43,丁卯,壬辰,53,758,6.992
36,丁卯,丁亥,51,758,6.728
38,丁卯,丙戌,50,758,6.596
45,丁卯,庚寅,49,758,6.464
42,丁卯,壬午,48,758,6.332
52,丁卯,辛卯,48,758,6.332
44,丁卯,己丑,47,758,6.201
49,丁卯,甲申,42,758,5.541
51,丁卯,癸未,40,758,5.277
40,丁卯,乙未,36,758,4.749
46,丁卯,庚辰,30,758,3.958
39,丁卯,丙申,24,758,3.166
53,丁卯,辛巳,12,758,1.583
37,丁卯,丁酉,4,758,0.528
25,丁亥,壬辰,66,822,8.029
30,丁亥,甲午,61,822,7.421
23,丁亥,乙酉,59,822,7.178
18,丁亥,丁亥,58,822,7.056
27,丁亥,庚寅,58,822,7.056
34,丁亥,辛卯,57,822,6.934
31,丁亥,甲申,56,822,6.813
32,丁亥,癸巳,56,822,6.813
26,丁亥,己丑,54,822,6.569
20,丁亥,丙戌,50,822,6.083
33,丁亥,癸未,50,822,6.083
29,丁亥,戊子,47,822,5.718
24,丁亥,壬午,45,822,5.474
22,丁亥,乙未,32,822,3.893
21,丁亥,丙申,27,822,3.285
35,丁亥,辛巳,22,822,2.676
28,丁亥,庚辰,18,822,2.19
19,丁亥,丁酉,6,822,0.73
12,丁丑,甲午,72,790,9.114
14,丁丑,癸巳,65,790,8.228
7,丁丑,壬辰,63,790,7.975
5,丁丑,乙酉,55,790,6.962
15,丁丑,癸未,53,790,6.709
11,丁丑,戊子,49,790,6.203
16,丁丑,辛卯,49,790,6.203
9,丁丑,庚寅,47,790,5.949
0,丁丑,丁亥,46,790,5.823
2,丁丑,丙戌,45,790,5.696
4,丁丑,乙未,45,790,5.696
8,丁丑,己丑,42,790,5.316
13,丁丑,甲申,42,790,5.316
6,丁丑,壬午,38,790,4.81
3,丁丑,丙申,32,790,4.051
17,丁丑,辛巳,21,790,2.658
10,丁丑,庚辰,16,790,2.025
1,丁丑,丁酉,10,790,1.266
